,CasRN,Parameter,value,Unit,category,SMILES
0,100-21-0,LC50,1.515,mg/L,3,O=C(O)c1ccc(C(=O)O)cc1
1,100-51-6,LC50,4.178,mg/L,3,OCc1ccccc1
2,101-42-8,LC50,5.06,mg/L,4,CN(C)C(=O)Nc1ccccc1
3,12270-13-2,LC50,1.041,mg/L,3,CCN(CCO)c1ccc(N=Nc2sc3cc(OC)ccc3[n+]2C)cc1
4,123-03-5,LC50,0.054000000000000006,mg/L,1,CCCCCCCCCCCCCCCC[n+]1ccccc1
5,123-05-7,LC50,6.83,mg/L,4,CCCCC(C=O)CC
6,123-30-8,LC50,3.42,mg/L,3,Nc1ccc(O)cc1
7,123-39-7,LC50,4.1,mg/L,3,CNC=O
8,123-77-3,LC50,0.52,mg/L,2,NC(=O)N=NC(N)=O
9,123-86-4,LC50,0.74,mg/L,2,CCCCOC(C)=O
10,12336-95-7,LC50,4.58,mg/L,3,O=S(=O)([O-])[O-]
11,12411-64-2,LC50,5.1,mg/L,4,O=[Mo](=O)([O-])[O-]
12,101-68-8,LC50,0.4434,mg/L,1,O=C=Nc1ccc(Cc2ccc(N=C=O)cc2)cc1
13,124495-18-7,LC50,3.38,mg/L,3,Fc1ccc(Oc2ccnc3cc(Cl)cc(Cl)c23)cc1
14,126-58-9,LC50,5.07,mg/L,4,OCC(CO)(CO)COCC(CO)(CO)CO
15,126-71-6,LC50,5.14,mg/L,4,CC(C)COP(=O)(OCC(C)C)OCC(C)C
16,126-73-8,LC50,4.242,mg/L,3,CCCCOP(=O)(OCCCC)OCCCC
17,12607-70-4,LC50,1.167,mg/L,3,[OH2-].[OH2-].[OH2-].[OH2-].[Ni++].[Ni++].[Ni++].[O-]C([O-])=O
18,127-19-5,LC50,8.8,mg/L,4,CC(=O)N(C)C
19,127-65-1,LC50,0.275,mg/L,1,Cc1ccc(S(=O)(=O)[N-]Cl)cc1
20,127-68-4,LC50,5.1,mg/L,4,O=[N+]([O-])c1cccc(S(=O)(=O)[O-])c1
21,128-69-8,LC50,5.2,mg/L,4,O=C1OC(=O)c2ccc3c4ccc5c6c(ccc(c7ccc1c2c73)c64)C(=O)OC5=O
22,10124-56-8,LC50,3.69,mg/L,3,O=P1([O-])OP(=O)([O-])OP(=O)([O-])OP(=O)([O-])OP(=O)([O-])OP(=O)([O-])O1
23,129909-90-6,LC50,2.242,mg/L,3,CC(C)c1nn(C(=O)NC(C)(C)C)c(=O)n1N
24,130-15-4,LC50,0.046,mg/L,0,O=C1C=CC(=O)c2ccccc21
25,1302-67-6,LC50,3.5,mg/L,3,O=[Al][O-]
26,1305-78-8,LC50,6.04,mg/L,4,O=[Ca]
27,1306-38-3,LC50,5.05,mg/L,4,O=[Ce]=O
28,1308-38-9,LC50,5.41,mg/L,4,O=[Cr]O[Cr]=O
29,13092-66-5,LC50,2.6,mg/L,3,O=P([O-])([O-])O
30,10163-15-2,LC50,2.1,mg/L,3,O=P([O-])([O-])F
31,1310-53-8,LC50,2.26,mg/L,3,O=[Ge]=O
32,1313-27-5,LC50,5.1,mg/L,4,O=[Mo](=O)=O
33,1313-96-8,LC50,5.45,mg/L,4,O=[Nb](=O)O[Nb](=O)=O
34,1313-99-1,LC50,5.08,mg/L,4,O=[Ni]
35,1314-35-8,LC50,5.36,mg/L,4,O=[W](=O)=O
36,1314-60-9,LC50,5.4,mg/L,4,O=[Sb](=O)O[Sb](=O)=O
37,1314-62-1,LC50,7.69,mg/L,4,O=[V](=O)O[V](=O)=O
38,1314-95-0,LC50,5.03,mg/L,4,S=[SnH2]
39,10193-99-4,LC50,3.363,mg/L,3,O=C(CS)OCC(COC(=O)CS)(COC(=O)CS)COC(=O)CS
40,1324-76-1,LC50,2.0,mg/L,3,O=S(=O)(O)c1ccccc1N=C1C=CC(=C(c2ccc(Nc3ccccc3)cc2)c2ccc(Nc3ccccc3)cc2)C=C1
41,1329-99-3,LC50,4.95,mg/L,3,CC1=CCC(C(C)C)C=C1
42,133-06-2,LC50,0.783333333333333,mg/L,2,O=C1C2CC=CCC2C(=O)N1SC(Cl)(Cl)Cl
43,13360-63-9,LC50,11.25,mg/L,4,CCCCNCC
44,1338-23-4,LC50,1.5,mg/L,3,CCC(C)(OO)OOC(C)(CC)OO
45,134-71-4,LC50,2.2,mg/L,3,CNC(C)C(O)c1ccccc1
46,13410-01-0,LC50,1.0,mg/L,2,O=[Se](=O)([O-])[O-]
47,1344-43-0,LC50,5.35,mg/L,4,O=[Mn]
48,1344-95-2,LC50,21.929,mg/L,4,O=[Si]([O-])[O-]
49,102-36-3,LC50,0.395,mg/L,1,O=C=Nc1ccc(Cl)c(Cl)c1
50,13463-41-7,LC50,1.07,mg/L,3,[Zn++](|[S-]c1cccc[n+]1[O-])|[S-]c2cccc[n+]2[O-]
51,13472-45-2,LC50,5.01,mg/L,4,O=[W](=O)([O-])[O-]
52,13537-82-1,LC50,5.0,mg/L,3,CCOC(=O)C1CCC(C)CC1=O
53,136210-32-7,LC50,4.224,mg/L,3,CCOC(=O)CC(NC1CCC(CC2CCC(NC(CC(=O)OCC)C(=O)OCC)C(C)C2)CC1C)C(=O)OCC
54,13674-87-8,LC50,5.22,mg/L,4,O=P(OC(CCl)CCl)(OC(CCl)CCl)OC(CCl)CCl
55,137-16-6,LC50,0.05,mg/L,0,CCCCCCCCCCCC(=O)N(C)CC(=O)[O-]
56,137-30-4,LC50,0.13,mg/L,1,CN(C)C(=S)[S-]
57,137-42-8,LC50,6.8,mg/L,4,CNC(=S)[S-]
58,102-69-2,LC50,4.5,mg/L,3,CCCN(CCC)CCC
59,13701-59-2,LC50,12.62,mg/L,4,[O-][B][O-]
60,13718-26-8,LC50,4.26333333333333,mg/L,3,O=[V](=O)[O-]
61,13718-59-7,LC50,1.0,mg/L,2,O=[Se]([O-])[O-]
62,13769-43-2,LC50,2.96666666666667,mg/L,3,O=[V](=O)[O-]
63,13811-50-2,LC50,5.3,mg/L,4,C=CN1CCN(C=C)C1=O
64,13870-28-5,LC50,3.51,mg/L,3,O=[Si]([O-])O[Si](=O)[O-]
65,13927-77-0,LC50,0.416,mg/L,1,CCCCN(CCCC)C(=S)[S-]
66,102-76-1,LC50,1.721,mg/L,3,CC(=O)OCC(COC(C)=O)OC(C)=O
67,14024-63-6,LC50,5.47,mg/L,4,CC(=O)[CH-]C(C)=O
68,14285-59-7,LC50,14.2,mg/L,4,O=S(=O)([O-])c1ccc2c(c1)-c1nc-2nc2[n-]c(nc3nc([n-]c4nc(n1)-c1ccc(S(=O)(=O)[O-])cc1-4)-c1ccc(S(=O)(=O)[O-])cc1-3)c1ccc(S(=O)(=O)[O-])cc21
69,1429-50-1,LC50,4.6,mg/L,3,O=P(O)(O)CN(CCN(CP(=O)(O)O)CP(=O)(O)O)CP(=O)(O)O
70,143390-89-0,LC50,5.6,mg/L,4,CO/N=C(/C(=O)OC)c1ccccc1COc1ccccc1C
71,14433-76-2,LC50,3.5507,mg/L,3,CCCCCCCCCC(=O)N(C)C
72,14484-64-1,LC50,0.281,mg/L,1,CN(C)C(=S)[S-]
73,1461-22-9,LC50,0.078,mg/L,1,[Cl]|[Sn](CCCC)(CCCC)CCCC
74,14691-80-6,LC50,0.58,mg/L,2,O=P([O-])([O-])OP(=O)([O-])[O-]
75,1477-55-0,LC50,1.29333333333333,mg/L,3,NCc1cccc(CN)c1
76,10294-40-3,LC50,0.092,mg/L,1,O=[Cr](=O)([O-])[O-]
77,1490-04-6,LC50,5.289,mg/L,4,CC1CCC(C(C)C)C(O)C1
78,150114-71-9,LC50,5.5,mg/L,4,Nc1cc(Cl)nc(C(=O)O)c1Cl
79,1530-32-1,LC50,5.0,mg/L,3,CC[P+](c1ccccc1)(c1ccccc1)c1ccccc1
80,15332-99-7,LC50,4.31,mg/L,3,C=C[Si](OC(=C)C)(OC(=C)C)OC(=C)C
81,153719-23-4,LC50,3.72,mg/L,3,CN1COCN(Cc2cnc(Cl)s2)/C1=N/[N+](=O)[O-]
82,15520-10-2,LC50,4.9,mg/L,3,CC(CN)CCCN
83,156-62-7,LC50,0.155,mg/L,1,N#CN
84,1570-64-5,LC50,0.9,mg/L,2,Cc1cc(Cl)ccc1O
85,15708-41-5,LC50,2.75,mg/L,3,O=C([O-])CN(CCN(CC(=O)[O-])CC(=O)[O-])CC(=O)[O-]
86,10294-66-3,LC50,9.625,mg/L,4,O=S([O-])([O-])=S
87,15721-78-5,LC50,5.8,mg/L,4,CC(C)(C)CC(C)(C)c1ccc(Nc2ccc(C(C)(C)CC(C)(C)C)cc2)cc1
88,15733-22-9,LC50,2.91033333333333,mg/L,3,Cc1cc([O-])ccc1Cl
89,15763-76-5,LC50,6.41,mg/L,4,CC(C)c1ccc(S(=O)(=O)[O-])cc1
90,157859-20-6,LC50,5.99,mg/L,4,C=CC(=O)O[Si](C(C)C)(C(C)C)C(C)C
91,158237-07-1,LC50,5.085,mg/L,4,CCN(C(=O)n1nnn(-c2ccccc2Cl)c1=O)C1CCCCC1
92,16039-53-5,LC50,2.0,mg/L,3,[Zn](|OC(=O)C(C)O)|OC(=O)C(C)O
93,16470-24-9,LC50,1.8575,mg/L,3,O=S(=O)([O-])c1ccc(Nc2nc(Nc3ccc(/C=C/c4ccc(Nc5nc(Nc6ccc(S(=O)(=O)[O-])cc6)nc(N(CCO)CCO)n5)c(S(=O)(=O)[O-])c4)cc3S(=O)(=O)[O-])nc(N(CCO)CCO)n2)cc1
94,165252-70-0,LC50,4.09,mg/L,3,CN=C(NCC1CCOC1)N[N+](=O)[O-]
95,16803-97-7,LC50,5.2,mg/L,4,Nc1ccc(Nc2ccc(S(N)(=O)=O)cc2)cc1
96,16893-85-9,LC50,1.836,mg/L,3,[Na+].[Na+].F[Si--](F)(F)(F)(F)F
97,100-86-7,LC50,3.005,mg/L,3,CC(C)(O)Cc1ccccc1
98,103-05-9,LC50,3.005,mg/L,3,CC(C)(O)CCc1ccccc1
99,16924-00-8,LC50,4.06666666666667,mg/L,3,[F]|[Ta--](|[F])(|[F])(|[F])(|[F])(|[F])|[F].[K+].[K+]
100,16958-92-2,LC50,3.2,mg/L,3,CCCCCCCCCCCCCOC(=O)CCCCC(=O)OCCCCCCCCCCCCC
101,17354-14-2,LC50,4.0,mg/L,3,CCCCNc1ccc(NCCCC)c2c1C(=O)c1ccccc1C2=O
102,1739-84-0,LC50,7.5,mg/L,4,Cc1nccn1C
103,17438-89-0,LC50,4.8,mg/L,3,CCCCCCCCCCC(C)CCCCCCCC
104,1758-73-2,LC50,0.164,mg/L,1,N=C(N)S(=O)O
105,1760-24-3,LC50,1.49,mg/L,3,CO[Si](CCCNCCN)(OC)OC
106,17865-32-6,LC50,5.53,mg/L,4,CO[SiH](CC1CCCCC1)OC
107,17980-47-1,LC50,5.88,mg/L,4,CCO[Si](CC(C)C)(OCC)OCC
108,180898-37-7,LC50,1.87,mg/L,3,O=S(=O)(O)c1cc(S(=O)(=O)O)c2[n-]c(-c3ccc(-c4nc5c(S(=O)(=O)O)cc(S(=O)(=O)O)cc5[n-]4)cc3)nc2c1
109,103-23-1,LC50,5.7,mg/L,4,CCCCC(CC)COC(=O)CCCCC(=O)OCC(CC)CCCC
110,186817-80-1,LC50,5.6,mg/L,4,CCCCC(CC)COC(=O)[C@H](C)O
111,18755-43-6,LC50,5.788,mg/L,4,CCCP(=O)(OC)OC
112,18794-84-8,LC50,2.06,mg/L,3,C=CC(=C)CC/C=C(\C)CCC=C(C)C
113,18868-43-4,LC50,5.1,mg/L,4,O=[Mo]=O
114,1908-87-8,LC50,0.6,mg/L,2,CN1CCSC1=S
115,1910-42-5,LC50,0.0007,mg/L,0,C[n+]1ccc(-c2cc[n+](C)cc2)cc1
116,19186-97-1,LC50,1.81,mg/L,3,O=P(OCC(CBr)(CBr)CBr)(OCC(CBr)(CBr)CBr)OCC(CBr)(CBr)CBr
117,19234-20-9,LC50,12.3,mg/L,4,CC(=O)OCCOC(C)C
118,19372-44-2,LC50,5.47,mg/L,4,CC(=O)[CH-]C(C)=O
119,103-82-2,LC50,5.0,mg/L,3,O=C(O)Cc1ccccc1
120,199119-58-9,LC50,5.03,mg/L,4,COc1cc(OC)nc(NC(=O)N=S(=O)([O-])c2ncccc2OCC(F)(F)F)n1
121,1999-85-5,LC50,5.12,mg/L,4,CC(C)(O)c1cccc(C(C)(C)O)c1
122,2008-39-1,LC50,5.0,mg/L,3,O=C(O)COc1ccc(Cl)cc1Cl
123,2022-85-7,LC50,5.17,mg/L,4,Nc1[nH]c(=O)ncc1F
124,2031-67-6,LC50,13.5,mg/L,4,CCO[Si](C)(OCC)OCC
125,20427-59-2,LC50,0.556666666666667,mg/L,2,O|[Cu]|O
126,2043-57-4,LC50,10.6,mg/L,4,FC(F)(F)C(F)(F)C(F)(F)C(F)(F)C(F)(F)C(F)(F)CCI
127,20667-12-3,LC50,0.00075,mg/L,0,O(|[Ag])|[Ag]
128,2082-79-3,LC50,1.81,mg/L,3,CCCCCCCCCCCCCCCCCCOC(=O)CCc1cc(C(C)(C)C)c(O)c(C(C)(C)C)c1
129,2094-99-7,LC50,0.75,mg/L,2,C=C(C)c1cccc(C(=O)N=C(C)C)c1
130,10326-41-7,LC50,7.94,mg/L,4,CC(O)C(=O)O
131,20941-65-5,LC50,0.51,mg/L,2,CCN(CC)C(=S)[S-]
132,2162-73-4,LC50,0.11,mg/L,1,CC(C)c1cc(C(C)C)c(N=C=O)c(C(C)C)c1N=C=O
133,2163-42-0,LC50,5.1,mg/L,4,CC(CO)CO
134,22094-93-5,LC50,4.25,mg/L,3,CC(=O)C(N=Nc1cc(Cl)c(-c2cc(Cl)c(N=NC(C(C)=O)C(=O)Nc3ccc(C)cc3C)cc2Cl)cc1Cl)C(=O)Nc1ccc(C)cc1C
135,2215-35-2,LC50,2.0,mg/L,3,CC(C)CC(C)OP(=S)([S-])OC(C)CC(C)C
136,2243-62-1,LC50,5.27,mg/L,4,Nc1cccc2c(N)cccc12
137,2312-35-8,LC50,0.89,mg/L,2,C#CCOS(=O)OC1CCCCC1Oc1ccc(C(C)(C)C)cc1
138,23235-61-2,LC50,5.15,mg/L,4,CCC(CO)(CO)COCC(CC)(CO)CO
139,23949-66-8,LC50,5.0,mg/L,3,CCOc1ccccc1NC(=O)C(=O)Nc1ccccc1CC
140,24157-81-1,LC50,5.64,mg/L,4,CC(C)c1ccc2cc(C(C)C)ccc2c1
141,2422-91-5,LC50,0.437,mg/L,1,O=C=Nc1ccc(C(c2ccc(N=C=O)cc2)c2ccc(N=C=O)cc2)cc1
142,2440-22-4,LC50,0.59,mg/L,2,Cc1ccc(O)c(-n2nc3ccccc3n2)c1
143,2451-62-9,LC50,3.09,mg/L,3,O=c1n(CC2CO2)c(=O)n(CC2CO2)c(=O)n1CC1CO1
144,24851-98-7,LC50,4.93,mg/L,3,CCCCCC1C(=O)CCC1CC(=O)OC
145,2511-00-4,LC50,5.4,mg/L,4,CCOC(=O)C(C)C1CCCCC1
146,2530-83-8,LC50,5.3,mg/L,4,CO[Si](CCCOCC1CO1)(OC)OC
147,2530-85-0,LC50,2.28,mg/L,3,C=C(C)C(=O)OCCC[Si](OC)(OC)OC
148,25321-14-6,LC50,0.4225,mg/L,1,Cc1ccc([N+](=O)[O-])cc1[N+](=O)[O-]
149,2536-05-2,LC50,0.606475,mg/L,2,O=C=Nc1ccccc1Cc1ccccc1N=C=O
150,25448-25-3,LC50,12.6,mg/L,4,CC(C)CCCCCCCOP(OCCCCCCCC(C)C)OCCCCCCCC(C)C
151,104-76-7,LC50,0.89,mg/L,2,CCCCC(CC)CO
152,25797-81-3,LC50,0.29,mg/L,1,Cc1cc(Nc2cc(S(=O)(=O)[O-])c(N)c3c2C(=O)c2ccccc2C3=O)cc(S(=O)(=O)NCCO)c1C
153,2589-57-3,LC50,2.034,mg/L,3,COC(=O)C(C)(C)N=NC(C)(C)C(=O)OC
154,25973-55-1,LC50,0.4,mg/L,1,CCC(C)(C)c1cc(-n2nc3ccccc3n2)c(O)c(C(C)(C)CC)c1
155,2610-10-8,LC50,5.0,mg/L,3,O=C(Nc1ccc2c(c1)C=C(S(=O)(=O)[O-])/C(=N/Nc1ccc(N=Nc3ccc(S(=O)(=O)[O-])cc3)cc1S(=O)(=O)[O-])C2=O)Nc1ccc2c(c1)C=C(S(=O)(=O)[O-])/C(=N/Nc1ccc(N=Nc3ccc(S(=O)(=O)[O-])cc3)cc1S(=O)(=O)[O-])C2=O
156,26140-60-3,LC50,3.8,mg/L,3,c1ccc(-c2ccc(-c3ccccc3)cc2)cc1
157,26586-02-7,LC50,8.96666666666667,mg/L,4,CC(=O)OC/C=C(\C)C=O
158,26747-90-0,LC50,1.12,mg/L,3,Cc1ccc(N2C(=O)N(c3ccc(C)c(N=C=O)c3)C2=O)cc1N=C=O
159,2682-20-4,LC50,0.113333333333333,mg/L,1,Cn1sccc1=O
160,2725-22-6,LC50,0.377,mg/L,1,CCCCCCCCOC1=CC=CC(=C2N=C(c3ccc(C)cc3C)NC(c3ccc(C)cc3C)=N2)C1=O
161,27344-06-5,LC50,1.8575,mg/L,3,NC(=O)CCN(CCO)c1nc(Nc2ccccc2)nc(Nc2ccc(/C=C/c3ccc(Nc4nc(Nc5ccccc5)nc(N(CCO)CCC(N)=O)n4)cc3S(=O)(=O)[O-])c(S(=O)(=O)[O-])c2)n1
162,105-05-5,LC50,5.0,mg/L,3,CCc1ccc(CC)cc1
163,27344-41-8,LC50,3.96666666666667,mg/L,3,O=S(=O)([O-])c1ccccc1/C=C\c1ccc(-c2ccc(/C=C\c3ccccc3S(=O)(=O)[O-])cc2)cc1
164,27776-01-8,LC50,1.0,mg/L,2,Cc1ccccc1Cc1ccccc1
165,27776-21-2,LC50,5.1,mg/L,4,CC(CN=NCC(C)C1=NCCN1)C1=NCCN1
166,2778-42-9,LC50,0.06,mg/L,1,CC(C)(N=C=O)c1cccc(C(C)(C)N=C=O)c1
167,2781-11-5,LC50,0.522,mg/L,2,CCOP(=O)(CN(CCO)CCO)OCC
168,2786-76-7,LC50,1.58,mg/L,3,CCOc1ccccc1NC(=O)C1=Cc2ccccc2/C(=N\Nc2ccc(C(N)=O)cc2)C1=O
169,28479-22-3,LC50,0.0905,mg/L,1,Cc1ccc(N=C=O)cc1Cl
170,2855-13-2,LC50,3.69666666666667,mg/L,3,CC1(C)CC(N)CC(C)(CN)C1
171,2893-78-9,LC50,0.27,mg/L,1,O=c1[n-]c(=O)n(Cl)c(=O)n1Cl
172,29240-17-3,LC50,9.5,mg/L,4,CCC(C)(C)OOC(=O)C(C)(C)C
173,105-16-8,LC50,1.8,mg/L,3,C=C(C)C(=O)OCCN(CC)CC
174,29736-75-2,LC50,5.2,mg/L,4,C1CO[Sb]2OCCO[Sb](O1)OCCO2
175,298-14-6,LC50,4.88,mg/L,3,O=C([O-])O
176,29820-13-1,LC50,2729.0,mg/L,4,O=C([O-])CS
177,299-42-3,LC50,5.4,mg/L,4,CN[C@@H](C)[C@H](O)c1ccccc1
178,3006-82-4,LC50,42.2,mg/L,4,CCCCC(CC)C(=O)OOC(C)(C)C
179,3006-93-7,LC50,0.0933333333333333,mg/L,1,O=C1C=CC(=O)N1c1cccc(N2C(=O)C=CC2=O)c1
180,30125-47-4,LC50,1.04,mg/L,3,O=C1c2c(Cl)c(Cl)c(Cl)c(Cl)c2C(=O)C1c1ccc2cccc(N3C(=O)c4c(Cl)c(Cl)c(Cl)c(Cl)c4C3=O)c2n1
181,3049-71-6,LC50,5.2,mg/L,4,O=C1c2ccc3c4ccc5c6c(ccc(c7ccc(c2c37)C(=O)N1c1ccc(N=Nc2ccccc2)cc1)c64)C(=O)N(c1ccc(N=Nc2ccccc2)cc1)C5=O
182,3064-73-1,LC50,5.0,mg/L,3,CC(C)CN(CC(C)C)C(=S)SSC(=S)N(CC(C)C)CC(C)C
183,3068-39-1,LC50,0.05,mg/L,0,CCNc1cc2[o+]c3cc(NCC)c(C)cc3c(-c3ccccc3C(=O)OC)c2cc1C
184,105-60-2,LC50,8.28,mg/L,4,O=C1CCCCCN1
185,3068-78-8,LC50,1.96666666666667,mg/L,3,CO[Si](CCCNC1CCCCC1)(OC)OC
186,3069-29-2,LC50,5.2,mg/L,4,CO[Si](C)(CCCNCCN)OC
187,3069-40-7,LC50,4.43333333333333,mg/L,3,CCCCCCCC[Si](OC)(OC)OC
188,3173-72-6,LC50,0.27,mg/L,1,O=C=Nc1cccc2c(N=C=O)cccc12
189,31775-16-3,LC50,4.25,mg/L,3,COc1ccc(NC(=O)C(N=Nc2ccc(-c3ccc(N=NC(C(C)=O)C(=O)Nc4ccc(OC)cc4)c(Cl)c3)cc2Cl)C(C)=O)cc1
190,31775-20-9,LC50,4.25,mg/L,3,CCOc1ccc(NC(=O)C(N=Nc2ccc(-c3ccc(N=NC(C(C)=O)C(=O)Nc4ccc(OCC)cc4)c(Cl)c3)cc2Cl)C(C)=O)cc1
191,3228-02-2,LC50,1.41,mg/L,3,Cc1cc(O)ccc1C(C)C
192,3282-30-2,LC50,2.69,mg/L,3,CC(C)(C)C(=O)Cl
193,330-54-1,LC50,5.05,mg/L,4,CN(C)C(=O)Nc1ccc(Cl)c(Cl)c1
194,33007-83-9,LC50,3.363,mg/L,3,CCC(COC(=O)CCS)(COC(=O)CCS)COC(=O)CCS
195,105-76-0,LC50,5.0,mg/L,3,CCCCOC(=O)/C=C\C(=O)OCCCC
196,3312-60-5,LC50,7.5,mg/L,4,NCCCNC1CCCCC1
197,3319-31-1,LC50,2.6,mg/L,3,CCCCC(CC)COC(=O)c1ccc(C(=O)OCC(CC)CCCC)c(C(=O)OCC(CC)CCCC)c1
198,33908-66-6,LC50,5.4,mg/L,4,[OH-]
199,34396-03-7,LC50,11.2,mg/L,4,CO[Si](CC(C)CC(C)(C)C)(OC)OC
200,34451-19-9,LC50,5.14,mg/L,4,CCCCOC(=O)C(C)O
201,345-78-8,LC50,2.0,mg/L,3,CN[C@@H](C)[C@@H](O)c1ccccc1
202,345-92-6,LC50,5.05,mg/L,4,O=C(c1ccc(F)cc1)c1ccc(F)cc1
203,35074-77-2,LC50,1.7,mg/L,3,CC(C)(C)c1cc(CCC(=O)OCCCCCCOC(=O)CCc2cc(C(C)(C)C)c(O)c(C(C)(C)C)c2)cc(C(C)(C)C)c1O
204,35123-06-9,LC50,5.004,mg/L,4,CC(O)C(=O)N(C)C
205,35141-30-1,LC50,1.49,mg/L,3,CO[Si](CCCNCCNCCN)(OC)OC
206,10022-31-8,LC50,1.1,mg/L,3,O=[N+]([O-])[O-]
207,105-83-9,LC50,0.07,mg/L,1,CN(CCCN)CCCN
208,35435-21-3,LC50,11.2,mg/L,4,CCO[Si](CC(C)CC(C)(C)C)(OCC)OCC
209,3576-88-3,LC50,1.0,mg/L,2,Nc1nc(N)nc(Nc2nc(N)nc(N)n2)n1
210,3622-84-2,LC50,4.066,mg/L,3,CCCCNS(=O)(=O)c1ccccc1
211,3623-51-6,LC50,5.289,mg/L,4,CC(C)[C@H]1CC[C@@H](C)CC1O
212,3634-83-1,LC50,0.181,mg/L,1,O=C=NCc1cccc(CN=C=O)c1
213,372-09-8,LC50,1.96666666666667,mg/L,3,N#CCC(=O)O
214,3734-33-6,LC50,0.2,mg/L,1,CC[N+](CC)(CC(=O)Nc1c(C)cccc1C)Cc1ccccc1
215,3748-13-8,LC50,0.54,mg/L,2,C=C(C)c1cccc(C(=C)C)c1
216,37640-57-6,LC50,5.1,mg/L,4,O=c1[nH]c(=O)[nH]c(=O)[nH]1
217,37971-36-1,LC50,1.979,mg/L,3,O=C(O)CCC(CC(=O)O)(C(=O)O)P(=O)(O)O
218,10584-98-2,LC50,0.941,mg/L,2,CCCC[Sn](|[S]CC(=O)OCC(CC)CCCC)(|[S]CC(=O)OCC(CC)CCCC)CCCC
219,38051-10-4,LC50,1.65,mg/L,3,O=P(OCCCl)(OCCCl)OCC(CCl)(CCl)COP(=O)(OCCCl)OCCCl
220,3811-04-9,LC50,5.59,mg/L,4,[O-][Cl+2]([O-])[O-]
221,3865-34-7,LC50,0.115,mg/L,1,CCCCCCCC\C=C/CCCCCCCC([O]|[Sn](C)(C)|[O]C(=O)CCCCCCC\C=C/CCCCCCCC)=O
222,38661-72-2,LC50,0.14705,mg/L,1,O=C=NCC1CCCC(CN=C=O)C1
223,38888-98-1,LC50,1.0,mg/L,2,CC(c1ccccc1)c1ccccc1
224,3891-98-3,LC50,2.19,mg/L,3,CCC(C)CCCC(C)CCCC(C)C
225,3896-11-5,LC50,0.27,mg/L,1,Cc1cc(-n2nc3ccc(Cl)cc3n2)c(O)c(C(C)(C)C)c1
226,39255-32-8,LC50,5.967,mg/L,4,CCCC(C)C(=O)OCC
227,39290-78-3,LC50,5.0,mg/L,3,O=S(=O)([O-])[O-]
228,40018-26-6,LC50,0.479666666666667,mg/L,1,OC1CSC(O)CS1
229,106-20-7,LC50,0.91,mg/L,2,CCCCC(CC)CNCC(CC)CCCC
230,4098-71-9,LC50,0.04,mg/L,0,CC1(C)CC(N=C=O)CC(C)(CN=C=O)C1
231,41098-56-0,LC50,1.8575,mg/L,3,CCN(CC)c1nc(Nc2ccc(/C=C/c3ccc(Nc4nc(Nc5cc(S(=O)(=O)[O-])ccc5S(=O)(=O)[O-])nc(N(CC)CC)n4)cc3S(=O)(=O)[O-])c(S(=O)(=O)[O-])c2)nc(Nc2cc(S(=O)(=O)[O-])ccc2S(=O)(=O)[O-])n1
232,41198-08-7,LC50,2.2,mg/L,3,CCCSP(=O)(OCC)Oc1ccc(Br)cc1Cl
233,4151-51-3,LC50,6.159,mg/L,4,O=C=Nc1ccc(OP(=S)(Oc2ccc(N=C=O)cc2)Oc2ccc(N=C=O)cc2)cc1
234,4180-23-8,LC50,5.1,mg/L,4,C/C=C/c1ccc(OC)cc1
235,4193-55-9,LC50,1.8575,mg/L,3,O=S(=O)([O-])c1cc(Nc2nc(Nc3ccccc3)nc(N(CCO)CCO)n2)ccc1/C=C/c1ccc(Nc2nc(Nc3ccccc3)nc(N(CCO)CCO)n2)cc1S(=O)(=O)[O-]
236,420-04-2,LC50,1.0,mg/L,2,N#CN
237,42125-46-2,LC50,0.72,mg/L,2,CC(C)(C)C1CCC(OC(=O)Cl)CC1
238,4221-80-1,LC50,0.5,mg/L,1,CC(C)(C)c1ccc(OC(=O)c2cc(C(C)(C)C)c(O)c(C(C)(C)C)c2)c(C(C)(C)C)c1
239,4390-04-9,LC50,5.991,mg/L,4,CC(CC(C)(C)C)CC(C)(C)CC(C)(C)C
240,106-50-3,LC50,0.92,mg/L,2,Nc1ccc(N)cc1
241,4394-85-8,LC50,5.319,mg/L,4,O=CN1CCOCC1
242,4404-43-7,LC50,1.8575,mg/L,3,O=S(=O)(O)c1cc(Nc2nc(Nc3ccccc3)nc(N(CCO)CCO)n2)ccc1/C=C/c1ccc(Nc2nc(Nc3ccccc3)nc(N(CCO)CCO)n2)cc1S(=O)(=O)O
243,4468-02-4,LC50,4343.325,mg/L,4,[Zn](|OC(=O)[C@H](O)[C@@H](O)[C@H](O)[C@H](O)CO)|OC(=O)[C@H](O)[C@@H](O)[C@H](O)[C@H](O)CO
244,4511-42-6,LC50,7.94,mg/L,4,CC1OC(=O)C(C)OC1=O
245,4531-49-1,LC50,0.23,mg/L,1,COc1ccccc1NC(=O)C(N=Nc1ccc(-c2ccc(N=NC(C(C)=O)C(=O)Nc3ccccc3OC)c(Cl)c2)cc1Cl)C(C)=O
246,47073-92-7,LC50,2.6,mg/L,3,CC(c1ccc(OC#N)cc1)c1ccc(OC#N)cc1
247,471-34-1,LC50,3.0,mg/L,3,O=C([O-])[O-]
248,4712-55-4,LC50,6.7,mg/L,4,O=[P+](Oc1ccccc1)Oc1ccccc1
249,4719-04-4,LC50,0.369666666666667,mg/L,1,OCCN1CN(CCO)CN(CCO)C1
250,479-27-6,LC50,0.877,mg/L,2,Nc1cccc2cccc(N)c12
251,106-69-4,LC50,5.07,mg/L,4,OCCCCC(O)CO
252,4904-61-4,LC50,8.2,mg/L,4,C1=C\CC/C=C/CC/C=C\CC/1
253,491-36-1,LC50,5.18,mg/L,4,O=c1nc[nH]c2ccccc12
254,4948-15-6,LC50,5.2,mg/L,4,Cc1cc(C)cc(N2C(=O)c3ccc4c5ccc6c7c(ccc(c8ccc(c3c48)C2=O)c75)C(=O)N(c2cc(C)cc(C)c2)C6=O)c1
255,49663-84-5,LC50,0.27,mg/L,1,O=[Cr](=O)([O-])[O-]
256,497-19-8,LC50,2.3,mg/L,3,O=C([O-])[O-]
257,498-66-8,LC50,26.59,mg/L,4,C1=CC2CCC1C2
258,50-01-1,LC50,5.385,mg/L,4,N=C(N)N
259,50-21-5,LC50,7.94,mg/L,4,CC(O)C(=O)O
260,50-98-6,LC50,5.2,mg/L,4,CN[C@@H](C)[C@H](O)c1ccccc1
261,506-93-4,LC50,9.063,mg/L,4,O=[N+]([O-])O
262,106276-79-3,LC50,1.04,mg/L,3,COC(=O)c1c(Cl)c(Cl)c(Cl)c(Cl)c1C#N
263,5089-72-5,LC50,1.14,mg/L,3,CCO[Si](CCCNCCN)(OCC)OCC
264,51-03-6,LC50,5.2,mg/L,4,CCCCOCCOCCOCc1cc2c(cc1CCC)OCO2
265,51-67-2,LC50,5.0,mg/L,3,NCCc1ccc(O)cc1
266,5124-30-1,LC50,0.440333333333333,mg/L,1,O=C=NC1CCC(CC2CCC(N=C=O)CC2)CC1
267,51566-62-2,LC50,4.9,mg/L,3,CC(C)=CCCC(C)CC#N
268,5160-02-1,LC50,5.24,mg/L,4,Cc1cc(N/N=C2\C(=O)C=Cc3ccccc32)c(S(=O)(=O)[O-])cc1Cl
269,51772-35-1,LC50,0.4,mg/L,1,CC(C)(C)CC(C)(C)N(c1ccccc1)c1cccc2ccccc12
270,52328-05-9,LC50,2.133,mg/L,3,COC(=N)N
271,5280-80-8,LC50,1.7,mg/L,3,CC(=O)C(N=Nc1cc(C(=O)Nc2cc(Cl)ccc2C)ccc1Cl)C(=O)Nc1cc(C)c(NC(=O)C(N=Nc2cc(C(=O)Nc3cc(Cl)ccc3C)ccc2Cl)C(C)=O)cc1C
272,5281-04-9,LC50,4.76,mg/L,3,Cc1ccc(N/N=C2\C(=O)C(C(=O)[O-])=Cc3ccccc32)c(S(=O)(=O)[O-])c1
273,106276-80-6,LC50,1.04,mg/L,3,COC(=O)c1c(Cl)c(Cl)c(Cl)c(Cl)c1C#N
274,52829-07-9,LC50,0.5,mg/L,1,CC1(C)CNCC(C)(C)C1OC(=O)CCCCCCCCC(=O)OC1C(C)(C)CNCC1(C)C
275,53185-52-7,LC50,5.0,mg/L,3,COCCC(=O)N(C)C
276,53306-54-0,LC50,12.75,mg/L,4,CCCCCC(CCC)COC(=O)c1ccccc1C(=O)OCC(CCC)CCCCC
277,53423-65-7,LC50,5.15,mg/L,4,O=S(=O)([O-])c1cc(Cl)c(Cl)cc1Cl
278,5343-92-0,LC50,7.015,mg/L,4,CCCC(O)CO
279,538-23-8,LC50,1.86,mg/L,3,CCCCCCCC(=O)OCC(COC(=O)CCCCCCC)OC(=O)CCCCCCC
280,53817-09-7,LC50,1.16,mg/L,3,CCCCC(CC)CNS(=O)(=O)c1ccc(N)cc1
281,53880-05-0,LC50,4.2125,mg/L,3,CC1(C)CC(N=C=O)CC(C)(CN=C=O)C1
282,54041-17-7,LC50,6.8,mg/L,4,CC(C)N(C(=O)CO)c1ccc(F)cc1
283,54060-92-3,LC50,0.076,mg/L,1,COc1ccc(N(C)N=CC2=[N+](C)c3ccccc3C2(C)C)cc1
284,107-22-2,LC50,2.44,mg/L,3,O=CC=O
285,541-02-6,LC50,8.67,mg/L,4,C[Si]1(C)O[Si](C)(C)O[Si](C)(C)O[Si](C)(C)O[Si](C)(C)O1
286,54112-23-1,LC50,5.0,mg/L,3,O=C1CCCCCN1C(=O)Nc1ccc(Cc2ccc(NC(=O)N3CCCCCC3=O)cc2)cc1
287,542-02-9,LC50,2.031,mg/L,3,Cc1nc(N)nc(N)n1
288,543-80-6,LC50,1.1,mg/L,3,CC(=O)[O-]
289,543-94-2,LC50,4.5,mg/L,3,CC(=O)[O-]
290,544-76-3,LC50,5.266,mg/L,4,CCCCCCCCCCCCCCCC
291,5451-76-3,LC50,5.39,mg/L,4,CCCCOCCOC(=O)c1ccccc1
292,5468-75-7,LC50,4.25,mg/L,3,CC(=O)C(N=Nc1ccc(-c2ccc(N=NC(C(C)=O)C(=O)Nc3ccccc3C)c(Cl)c2)cc1Cl)C(=O)Nc1ccccc1C
293,552-30-7,LC50,2.33,mg/L,3,O=C(O)c1ccc2c(c1)C(=O)OC2=O
294,5521-31-3,LC50,0.41,mg/L,1,CN1C(=O)c2ccc3c4ccc5c6c(ccc(c7ccc(c2c37)C1=O)c64)C(=O)N(C)C5=O
295,107-71-1,LC50,6.1,mg/L,4,CC(=O)OOC(C)(C)C
296,554-13-2,LC50,2.0,mg/L,3,O=C([O-])[O-]
297,55406-53-6,LC50,6.89,mg/L,4,CCCCNC(=O)OCC#CI
298,55566-30-8,LC50,0.517,mg/L,2,OC[P+](CO)(CO)CO
299,556-67-2,LC50,36.0,mg/L,4,C[Si]1(C)O[Si](C)(C)O[Si](C)(C)O[Si](C)(C)O1
300,5567-15-7,LC50,0.23,mg/L,1,COc1cc(NC(=O)C(N=Nc2ccc(-c3ccc(N=NC(C(C)=O)C(=O)Nc4cc(OC)c(Cl)cc4OC)c(Cl)c3)cc2Cl)C(C)=O)c(OC)cc1Cl
301,5580-57-4,LC50,1.7,mg/L,3,CC(=O)C(N=Nc1cc(C(=O)Nc2cccc(Cl)c2C)ccc1Cl)C(=O)Nc1cc(Cl)c(NC(=O)C(N=Nc2cc(C(=O)Nc3cccc(Cl)c3C)ccc2Cl)C(C)=O)cc1C
302,55965-84-9,LC50,1.345,mg/L,3,Cn1sc(Cl)cc1=O
303,56-18-8,LC50,0.0333333333333333,mg/L,0,NCCCNCCCN
304,56-93-9,LC50,1.14,mg/L,3,C[N+](C)(C)Cc1ccccc1
305,56706-10-6,LC50,7.967,mg/L,4,CCO[Si](CCCSSCCC[Si](OCC)(OCC)OCC)(OCC)OCC
306,107-96-0,LC50,1.818,mg/L,3,O=C(O)CCS
307,58-08-2,LC50,4.94,mg/L,3,Cn1c(=O)c2c(ncn2C)n(C)c1=O
308,58-55-9,LC50,6.7,mg/L,4,Cn1c(=O)c2[nH]cnc2n(C)c1=O
309,585-07-9,LC50,10.17,mg/L,4,C=C(C)C(=O)OC(C)(C)C
310,58594-72-2,LC50,0.66,mg/L,2,C=CCOC(Cn1ccnc1)c1ccc(Cl)cc1Cl
311,587-26-8,LC50,5.2185,mg/L,4,O=C([O-])[O-]
312,5873-54-1,LC50,0.516515,mg/L,2,O=C=Nc1ccc(Cc2ccccc2N=C=O)cc1
313,59-50-7,LC50,2.91033333333333,mg/L,3,Cc1cc(O)ccc1Cl
314,593-45-3,LC50,5.991,mg/L,4,CCCCCCCCCCCCCCCCCC
315,593-84-0,LC50,9.063,mg/L,4,N=C(N)N
316,10025-87-3,LC50,0.303,mg/L,1,O=P(Cl)(Cl)Cl
317,108-45-2,LC50,3.2,mg/L,3,Nc1cccc(N)c1
318,598-50-5,LC50,5.7,mg/L,4,CNC(N)=O
319,598-62-9,LC50,5.35,mg/L,4,O=C([O-])[O-]
320,60-09-3,LC50,2.8,mg/L,3,Nc1ccc(N=Nc2ccccc2)cc1
321,608-27-5,LC50,8.047,mg/L,4,Nc1cccc(Cl)c1Cl
322,61-82-5,LC50,0.439,mg/L,1,Nc1ncn[nH]1
323,611-19-8,LC50,2.8,mg/L,3,ClCc1ccccc1Cl
324,61788-32-7,LC50,4.7,mg/L,3,C1=CC(c2ccc(C3CC=CCC3)cc2)CCC1
325,61788-44-1,LC50,4.92,mg/L,3,C=Cc1ccc(O)c(C=C)c1
326,618-62-2,LC50,0.3,mg/L,1,O=[N+]([O-])c1cc(Cl)cc(Cl)c1
327,62-54-4,LC50,5.6,mg/L,4,CC(=O)[O-]
328,108-63-4,LC50,5.7,mg/L,4,CCCCCCC(C)OC(=O)CCCCC(=O)OC(C)CCCCCC
329,62-56-6,LC50,0.195,mg/L,1,NC(N)=S
330,62132-67-6,LC50,4.8,mg/L,3,C=CCCCCCCCCCC
331,62314-25-4,LC50,7.5,mg/L,4,CC(O)C[N+](C)(C)C
332,624-86-2,LC50,171.435,mg/L,4,CCON
333,6262-07-3,LC50,5.2,mg/L,4,O=C1C=Cc2cc(S(=O)(=O)[O-])ccc2/C1=N\Nc1ccc(N=Nc2ccc(Nc3ccccc3)c(S(=O)(=O)[O-])c2)c2ccccc12
334,629-15-2,LC50,5.05,mg/L,4,O=COCCOC=O
335,629-62-9,LC50,5.991,mg/L,4,CCCCCCCCCCCCCCC
336,629-78-7,LC50,5.991,mg/L,4,CCCCCCCCCCCCCCCCC
337,63-68-3,LC50,5.25,mg/L,4,CSCCC(N)C(=O)O
338,6358-85-6,LC50,4.25,mg/L,3,CC(=O)C(N=Nc1ccc(-c2ccc(N=NC(C(C)=O)C(=O)Nc3ccccc3)c(Cl)c2)cc1Cl)C(=O)Nc1ccccc1
339,108-77-0,LC50,0.173666666666667,mg/L,1,Clc1nc(Cl)nc(Cl)n1
340,63843-89-0,LC50,0.46,mg/L,1,CCCCC(Cc1cc(C(C)(C)C)c(O)c(C(C)(C)C)c1)(C(=O)OC1CC(C)(C)N(C)C(C)(C)C1)C(=O)OC1CC(C)(C)N(C)C(C)(C)C1
341,6422-83-9,LC50,0.0786666666666667,mg/L,1,Cc1ccc(N2C(=O)C=CC2=O)cc1N1C(=O)C=CC1=O
342,6428-31-5,LC50,5.0,mg/L,3,Nc1ccc(N=Nc2ccc(N=Nc3c(S(=O)(=O)[O-])cc4c(c3N)C(=O)/C(=N\Nc3ccc(N=Nc5ccc(N)cc5N)cc3)C(S(=O)(=O)[O-])=C4)cc2)c(N)c1
343,64338-16-5,LC50,1.67,mg/L,3,CC1(C)CC2(CC(C)(C)N1)OC1(CCCCCCCCCCC1)NC2=O
344,65-31-6,LC50,4.42,mg/L,3,CN1CCCC1c1cccnc1
345,6505-28-8,LC50,4.25,mg/L,3,COc1cc(-c2ccc(N=NC(C(C)=O)C(=O)Nc3ccccc3)c(OC)c2)ccc1N=NC(C(C)=O)C(=O)Nc1ccccc1
346,65212-77-3,LC50,5.5,mg/L,4,CC1=NN(c2cccc(S(=O)(=O)[O-])c2)C(=O)C1N=Nc1cc(Cl)c(Cl)cc1S(=O)(=O)[O-]
347,65232-89-5,LC50,7.69,mg/L,4,O=P([O-])([O-])[O-]
348,657-84-1,LC50,6.41,mg/L,4,Cc1ccc(S(=O)(=O)[O-])cc1
349,66063-15-8,LC50,1.7365,mg/L,3,Clc1ccc(CNC2CCCC2)cc1
350,108-78-1,LC50,5.19,mg/L,4,Nc1nc(N)nc(N)n1
351,66669-53-2,LC50,1.979,mg/L,3,O=C([O-])CCC(CC(=O)O)(C(=O)[O-])P(=O)([O-])[O-]
352,6683-19-8,LC50,1.951,mg/L,3,CC(C)(C)c1cc(CCC(=O)OCC(COC(=O)CCc2cc(C(C)(C)C)c(O)c(C(C)(C)C)c2)(COC(=O)CCc2cc(C(C)(C)C)c(O)c(C(C)(C)C)c2)COC(=O)CCc2cc(C(C)(C)C)c(O)c(C(C)(C)C)c2)cc(C(C)(C)C)c1O
353,67075-37-0,LC50,5.2,mg/L,4,O=C1c2ccc3c4ccc5c6c(ccc(c7ccc(c2c37)C(=O)N1CCc1ccccc1)c64)C(=O)N(CCc1ccccc1)C5=O
354,674-82-8,LC50,0.922666666666667,mg/L,2,C=C1CC(=O)O1
355,67634-00-8,LC50,0.463333333333333,mg/L,1,C=CCOC(=O)COCCC(C)C
356,67674-28-6,LC50,0.63,mg/L,2,O=S(=O)([O-])c1cccc(N=Nc2ccc(N=Nc3ccc(N(CCO)CCO)cc3)c3ccccc23)c1
357,67762-53-2,LC50,4.06,mg/L,3,CCCCCCCOCC(COCCCCCCC)(COCCCCCCC)COCCCCCCC
358,67786-25-8,LC50,1.8575,mg/L,3,CC(O)CN(CC(C)O)c1nc(Nc2ccc(S(=O)(=O)[O-])cc2)nc(Nc2ccc(/C=C/c3ccc(Nc4nc(Nc5ccc(S(=O)(=O)[O-])cc5)nc(N(CC(C)O)CC(C)O)n4)cc3S(=O)(=O)[O-])c(S(=O)(=O)[O-])c2)n1
359,67801-01-8,LC50,5.24,mg/L,4,CCc1cc(N/N=C2/C(=O)C=Cc3ccccc32)c(S(=O)(=O)[O-])cc1Cl
360,68-11-1,LC50,1.48766666666667,mg/L,3,O=C(O)CS
361,108-80-5,LC50,5.25,mg/L,4,O=c1[nH]c(=O)[nH]c(=O)[nH]1
362,68037-01-4,LC50,4.8,mg/L,3,C=CCCCCCCCC
363,68127-59-3,LC50,1.1,mg/L,3,CC1(C)[C@@H](/C=C(\Cl)C(F)(F)F)[C@H]1C(=O)O
364,68134-38-3,LC50,0.382,mg/L,1,Cc1ccc(N(C)N=CC2=[N+](C)c3ccccc3C2(C)C)cc1
365,68259-05-2,LC50,1.7,mg/L,3,Cc1ccc(C(=O)OCCCl)cc1N/N=C1/C(=O)C(C(=O)Nc2cc(C)c(NC(=O)C3=Cc4ccccc4/C(=N/Nc4c(C)cccc4C(=O)OCCCl)C3=O)cc2C)=Cc2ccccc21
366,68391-05-9,LC50,0.25,mg/L,1,CCCCCCCCCCCCCC[N+](C)(C)CCCCCCCCCCCCCC
367,68424-85-1,LC50,0.25,mg/L,1,CCCCCCCCCCCCCC[N+](C)(C)Cc1ccccc1
368,68441-62-3,LC50,5.47,mg/L,4,OCC#CCO
369,68441-68-9,LC50,4.06,mg/L,3,CCCCCCCCCC(=O)O
370,68443-84-5,LC50,5.1,mg/L,4,CCCCC(CC)C(=O)OCC(COCC(COC(=O)CCCCCC(C)C)(COC(=O)C(CC)CCCC)COC(=O)C(CC)CCCC)(COC(=O)CCCCCC(C)C)COC(=O)CCCCCC(C)C
371,68516-73-4,LC50,1.7,mg/L,3,COC(=O)c1ccc(C(=O)OC)c(N=NC(C(C)=O)C(=O)Nc2ccc(NC(=O)C(N=Nc3cc(C(=O)OC)ccc3C(=O)OC)C(C)=O)cc2)c1
372,108-93-0,LC50,3.6,mg/L,3,OC1CCCCC1
373,68583-51-7,LC50,101.458,mg/L,4,CCCCCCCCCC(=O)O
374,6864-37-5,LC50,0.42,mg/L,1,CC1CC(CC2CCC(N)C(C)C2)CCC1N
375,68890-66-4,LC50,4.9,mg/L,3,Cc1cc(CC(C)CC(C)(C)C)n(O)c(=O)c1
376,68958-77-0,LC50,4.9,mg/L,3,CC(C)(c1ccc(O)cc1)c1ccc(O)cc1
377,692-86-4,LC50,5.15,mg/L,4,C=CCCCCCCCCC(=O)OCC
378,696-29-7,LC50,5.04,mg/L,4,CC(C)C1CCCCC1
379,700-13-0,LC50,1.46666666666667,mg/L,3,Cc1cc(O)c(C)c(C)c1O
380,7027-11-4,LC50,1.31333333333333,mg/L,3,CC1(C)CC(=O)CC(C)(C#N)C1
381,70331-94-1,LC50,5.01,mg/L,4,CC(C)(C)c1cc(CCC(=O)OCCNC(=O)C(=O)NCCOC(=O)CCc2cc(C(C)(C)C)c(O)c(C(C)(C)C)c2)cc(C(C)(C)C)c1O
382,70616-89-6,LC50,5.0,mg/L,3,CN(c1ccc2c(c1)C=C(S(=O)(=O)[O-])/C(=N/Nc1ccc3c(S(=O)(=O)[O-])cccc3c1S(=O)(=O)[O-])C2=O)c1nc(N)nc(Cl)n1
383,109-69-3,LC50,7.74,mg/L,4,CCCCCl
384,70693-39-9,LC50,4.06,mg/L,3,CCCCCCCCC(=O)O
385,70942-15-3,LC50,2.8,mg/L,3,O=S(=O)([O-])c1cc([O-])c(N=Nc2ccc3cccc(S(=O)(=O)[O-])c3c2[O-])c2ccccc12
386,7128-64-5,LC50,1.82,mg/L,3,CC(C)(C)c1ccc2oc(-c3ccc(-c4nc5cc(C(C)(C)C)ccc5o4)s3)nc2c1
387,72-17-3,LC50,7.94,mg/L,4,CC(O)C(=O)[O-]
388,72-18-4,LC50,5.26,mg/L,4,CC(C)C(N)C(=O)O
389,72102-84-2,LC50,2.119,mg/L,3,Cc1cc2c(cc1NNC1C(=O)NC(=O)NC1=O)=NC(=O)N=2
390,72139-17-4,LC50,5.093,mg/L,4,Cc1c(Nc2cc(S(=O)(=O)[O-])c(N)c3c2C(=O)c2ccccc2C3=O)cc(S(=O)(=O)[O-])cc1Nc1nc(F)nc(F)c1Cl
391,72829-25-5,LC50,1.5,mg/L,3,CCN(c1ccccc1)c1nc(Cl)nc(Nc2cc(S(=O)(=O)[O-])cc3c2C(=O)/C(=N/Nc2ccccc2S(=O)(=O)[O-])C(S(=O)(=O)[O-])=C3)n1
392,73-22-3,LC50,5.17,mg/L,4,NC(Cc1c[nH]c2ccccc12)C(=O)O
393,73-32-5,LC50,5.41,mg/L,4,CC[C@H](C)[C@H](N)C(=O)O
394,109-88-6,LC50,2.1,mg/L,3,C[O-]
395,7300-34-7,LC50,1.5,mg/L,3,NCCCOCCCCOCCCN
396,7320-34-5,LC50,1.1,mg/L,3,O=P([O-])([O-])OP(=O)([O-])[O-]
397,73570-52-2,LC50,0.51,mg/L,2,CCN(CC)c1ccc2nc3ccc(N(CC)CC)cc3[o+]c2c1
398,7360-38-5,LC50,1.86,mg/L,3,CCCCC(CC)C(=O)OCC(COC(=O)C(CC)CCCC)OC(=O)C(CC)CCCC
399,7360-53-4,LC50,2.51,mg/L,3,O=C[O-]
400,74-95-3,LC50,0.0223,mg/L,0,BrCBr
401,110-17-8,LC50,1.306,mg/L,3,O=C(O)/C=C/C(=O)O
402,7452-79-1,LC50,5.967,mg/L,4,CCOC(=O)C(C)CC
403,7488-55-3,LC50,2.0,mg/L,3,O=S(=O)([O-])[O-]
404,110-61-2,LC50,2.67,mg/L,3,N#CCCC#N
405,75-91-2,LC50,1.85,mg/L,3,CC(C)(C)OO
406,75-98-9,LC50,5.3,mg/L,4,CC(C)(C)C(=O)O
407,753-73-1,LC50,0.115,mg/L,1,[Cl]|[Sn](|[Cl])(C)C
408,7558-79-4,LC50,0.83,mg/L,2,O=P([O-])([O-])O
409,756-79-6,LC50,2.589,mg/L,3,COP(C)(=O)OC
410,7575-23-7,LC50,3.363,mg/L,3,O=C(CCS)OCC(COC(=O)CCS)(COC(=O)CCS)COC(=O)CCS
411,7585-39-9,LC50,4.9,mg/L,3,OCC1OC2OC3C(CO)OC(OC4C(CO)OC(OC5C(CO)OC(OC6C(CO)OC(OC7C(CO)OC(OC8C(CO)OC(OC1C(O)C2O)C(O)C8O)C(O)C7O)C(O)C6O)C(O)C5O)C(O)C4O)C(O)C3O
412,7585-41-3,LC50,4.76,mg/L,3,Cc1cc(S(=O)(=O)[O-])c(N/N=C2/C(=O)C(C(=O)[O-])=Cc3ccccc32)cc1Cl
413,10026-13-8,LC50,0.205,mg/L,1,ClP(Cl)(Cl)(Cl)Cl
414,110-63-4,LC50,15.0,mg/L,4,OCCCCO
415,7597-60-6,LC50,5.4,mg/L,4,Cn1c(N)c(NC=O)c(=O)n(C)c1=O
416,76-22-2,LC50,10.0,mg/L,4,CC12CCC(CC1=O)C2(C)C
417,760-67-8,LC50,1.24333333333333,mg/L,3,CCCCC(CC)C(=O)Cl
418,760-93-0,LC50,2.081,mg/L,3,C=C(C)C(=O)OC(=O)C(=C)C
419,7601-54-9,LC50,0.83,mg/L,2,O=P([O-])([O-])[O-]
420,76199-85-4,LC50,5.42,mg/L,4,CNC(=O)/C(C#N)=c1\[nH]c(=C2C(=O)NC(=O)NC2=O)c2ccccc12
421,7631-86-9,LC50,5.01,mg/L,4,O=[Si]=O
422,7631-95-0,LC50,5.1,mg/L,4,O=[Mo](=O)([O-])[O-]
423,7664-93-9,LC50,0.375,mg/L,1,O=S(=O)(O)O
424,7697-37-2,LC50,2.65,mg/L,3,O=[N+]([O-])O
425,110-65-6,LC50,0.69,mg/L,2,OCC#CCO
426,77-62-3,LC50,3.18,mg/L,3,Cc1cc(Cc2cc(C)cc(C3(C)CCCCC3)c2O)c(O)c(C2(C)CCCCC2)c1
427,770-35-4,LC50,5.4,mg/L,4,CC(O)COc1ccccc1
428,7722-88-5,LC50,0.58,mg/L,2,O=P([O-])([O-])OP(=O)([O-])[O-]
429,7727-54-0,LC50,2.95,mg/L,3,O=S(=O)([O-])OOS(=O)(=O)[O-]
430,7747-35-5,LC50,3.1,mg/L,3,CCC12COCN1COC2
431,7757-79-1,LC50,0.527,mg/L,2,O=[N+]([O-])[O-]
432,7757-83-7,LC50,9.625,mg/L,4,O=S([O-])[O-]
433,7757-86-0,LC50,2.6,mg/L,3,O=P([O-])([O-])O
434,7757-87-1,LC50,2.6,mg/L,3,O=P([O-])([O-])[O-]
435,7757-93-9,LC50,2.6,mg/L,3,O=P([O-])([O-])O
436,111-14-8,LC50,4.6,mg/L,3,CCCCCCC(=O)O
437,7758-11-4,LC50,0.83,mg/L,2,O=P([O-])([O-])O
438,7758-16-9,LC50,0.58,mg/L,2,O=P([O-])([O-])OP(=O)([O-])[O-]
439,7758-23-8,LC50,2.6,mg/L,3,O=P([O-])(O)O
440,7758-87-4,LC50,2.6,mg/L,3,O=P([O-])([O-])[O-]
441,7761-88-8,LC50,0.00075,mg/L,0,O=[N+]([O-])[O-]
442,7775-19-1,LC50,2.04,mg/L,3,O=B[O-]
443,7775-27-1,LC50,5.1,mg/L,4,O=S(=O)([O-])OOS(=O)(=O)[O-]
444,7778-18-9,LC50,3.26,mg/L,3,O=S(=O)([O-])[O-]
445,7778-39-4,LC50,0.995666666666667,mg/L,2,O=[As](O)(O)O
446,111-17-1,LC50,5.13,mg/L,4,O=C(O)CCSCCC(=O)O
447,7778-50-9,LC50,0.092,mg/L,1,O=[Cr](=O)([O-])O[Cr](=O)(=O)[O-]
448,7778-53-2,LC50,0.83,mg/L,2,O=P([O-])([O-])[O-]
449,7782-91-4,LC50,3.92,mg/L,3,O=[Mo](=O)(O)O
450,7783-28-0,LC50,5.0,mg/L,3,O=P([O-])([O-])O
451,7784-30-7,LC50,5.1,mg/L,4,O=P([O-])([O-])[O-]
452,7785-87-7,LC50,4.45,mg/L,3,O=S(=O)([O-])[O-]
453,7786-81-4,LC50,2.48,mg/L,3,O=S(=O)([O-])[O-]
454,111-18-2,LC50,0.41,mg/L,1,CN(C)CCCCCCN(C)C
455,7789-06-2,LC50,0.27,mg/L,1,O=[Cr](=O)([O-])[O-]
456,7789-82-4,LC50,5.1,mg/L,4,O=[Mo](=O)([O-])[O-]
457,7790-69-4,LC50,5.93,mg/L,4,O=[N+]([O-])[O-]
458,78-10-4,LC50,13.4,mg/L,4,CCO[Si](OCC)(OCC)OCC
459,78-40-0,LC50,8.817,mg/L,4,CCOP(=O)(OCC)OCC
460,78-51-3,LC50,6.4,mg/L,4,CCCCOCCOP(=O)(OCCOCCCC)OCCOCCCC
461,78-96-6,LC50,3.46,mg/L,3,CC(O)CN
462,111-30-8,LC50,0.303333333333333,mg/L,1,O=CCCCC=O
463,78-98-8,LC50,13.6,mg/L,4,CC(=O)C=O
464,7803-55-6,LC50,2.51666666666667,mg/L,3,O=[V](=O)O
465,78948-87-5,LC50,1.72,mg/L,3,O=C([O-])c1ccccc1C(=O)O[O-]
466,79-11-8,LC50,1.268,mg/L,3,O=C(O)CCl
467,79-14-1,LC50,4.4,mg/L,3,O=C(O)CO
468,79-21-0,LC50,1.17075,mg/L,3,CC(=O)OO
469,79-33-4,LC50,7.94,mg/L,4,C[C@H](O)C(=O)O
470,79953-85-8,LC50,1.7,mg/L,3,CC(=O)C(N=Nc1cc(C(=O)Nc2cc(C(F)(F)F)ccc2Oc2ccc(Cl)cc2)ccc1Cl)C(=O)Nc1cc(Cl)c(NC(=O)C(N=Nc2cc(C(=O)Nc3cc(C(F)(F)F)ccc3Oc3ccc(Cl)cc3)ccc2Cl)C(C)=O)cc1C
471,80480-24-6,LC50,0.75,mg/L,2,CCCC(C)C1OCC(C)(CCC)CO1
472,81-14-1,LC50,2.99,mg/L,3,CC(=O)c1c(C)c([N+](=O)[O-])c(C(C)(C)C)c([N+](=O)[O-])c1C
473,111-81-9,LC50,3.76,mg/L,3,C=CCCCCCCCCC(=O)OC
474,81-33-4,LC50,0.41,mg/L,1,O=C1NC(=O)c2ccc3c4ccc5c6c(ccc(c7ccc1c2c73)c64)C(=O)NC5=O
475,81-77-6,LC50,5.5,mg/L,4,O=c1c2ccccc2c(=O)c2c1ccc1[nH]c3c(ccc4c(=O)c5ccccc5c(=O)c43)[nH]c12
476,814-80-2,LC50,7.94,mg/L,4,CC(O)C(=O)[O-]
477,834-12-8,LC50,2.22,mg/L,3,CCNc1nc(NC(C)C)nc(SC)n1
478,83400-11-7,LC50,1.933,mg/L,3,O=C(Nc1ccc(S(=O)(=O)[O-])c2c1C(=O)/C(=N/Nc1ccc3c(CNc4nc(F)nc(F)c4Cl)cccc3c1S(=O)(=O)[O-])C(S(=O)(=O)[O-])=C2)c1ccccc1
479,840-65-3,LC50,2.15,mg/L,3,COC(=O)c1ccc2cc(C(=O)OC)ccc2c1
480,84632-65-5,LC50,2.25,mg/L,3,O=C1NC(c2ccc(Cl)cc2)=C2C(=O)NC(c3ccc(Cl)cc3)=C12
481,85-44-9,LC50,2.14,mg/L,3,O=C1OC(=O)c2ccccc21
482,85187-33-3,LC50,0.42,mg/L,1,C=C(Br)C(=O)Nc1ccc(N=Nc2c(N)ccc3cc(S(=O)(=O)[O-])ccc23)c(S(=O)(=O)c2ccc(C)c(S(=O)(=O)[O-])c2)c1
483,85895-78-9,LC50,7.94,mg/L,4,C[C@H](O)C(=O)[O-]
484,111-86-4,LC50,1.6,mg/L,3,CCCCCCCCN
485,87-90-1,LC50,5.25,mg/L,4,O=c1n(Cl)c(=O)n(Cl)c(=O)n1Cl
486,872-50-4,LC50,5.1,mg/L,4,CN1CCCC1=O
487,872-85-5,LC50,5.14,mg/L,4,O=Cc1ccncc1
488,873-94-9,LC50,14.2,mg/L,4,CC1CC(=O)CC(C)(C)C1
489,88-12-0,LC50,3.08666666666667,mg/L,3,C=CN1CCCC1=O
490,88-66-4,LC50,7.3,mg/L,4,Clc1ccccc1C(Cl)Cl
491,88-68-6,LC50,5.4,mg/L,4,NC(=O)c1ccccc1N
492,88-74-4,LC50,2.529,mg/L,3,Nc1ccccc1[N+](=O)[O-]
493,88-99-3,LC50,5.058,mg/L,4,O=C(O)c1ccccc1C(=O)O
494,89-78-1,LC50,5.289,mg/L,4,CC(C)[C@@H]1CC[C@@H](C)C[C@H]1O
495,1111-78-0,LC50,4.74,mg/L,3,NC(=O)[O-]
496,90-04-0,LC50,3.87,mg/L,3,COc1ccccc1N
497,90-17-5,LC50,5.0,mg/L,3,CC(=O)OC(c1ccccc1)C(Cl)(Cl)Cl
498,90-43-7,LC50,0.949,mg/L,2,Oc1ccccc1-c1ccccc1
499,90-82-4,LC50,2.0,mg/L,3,CN[C@@H](C)[C@@H](O)c1ccccc1
500,9003-80-9,LC50,5.0,mg/L,3,c1ccc(Nc2ccccc2)cc1
501,9005-64-5,LC50,5.1,mg/L,4,CCCCCCCCCCCC(=O)OCCOCC(OCCO)C1OCC(OCCO)C1OCCO
502,90982-32-4,LC50,5.18,mg/L,4,CCOC(=O)c1ccccc1S(=O)(=O)NC(=O)Nc1nc(Cl)cc(OC)n1
503,91-21-4,LC50,1.92733333333333,mg/L,3,c1ccc2c(c1)CCNC2
504,91-53-2,LC50,1.97,mg/L,3,CCOc1ccc2c(c1)C(C)=CC(C)(C)N2
505,91-76-9,LC50,2.932,mg/L,3,Nc1nc(N)nc(-c2ccccc2)n1
506,11120-25-5,LC50,5.35,mg/L,4,O=[W](=O)([O-])[O-]
507,91-97-4,LC50,1.59,mg/L,3,Cc1cc(-c2ccc(N=C=O)c(C)c2)ccc1N=C=O
508,918-04-7,LC50,5.8,mg/L,4,CC(O)S(=O)(=O)[O-]
509,927-07-1,LC50,7.05333333333333,mg/L,4,CC(C)(C)OOC(=O)C(C)(C)C
510,927-62-8,LC50,2.0,mg/L,3,CCCC[NH+](C)C
511,93-15-2,LC50,4.8,mg/L,3,C=CCc1ccc(OC)c(OC)c1
512,93-17-4,LC50,5.5,mg/L,4,COc1ccc(CC#N)cc1OC
513,931-40-8,LC50,5.6,mg/L,4,O=C1OCC(CO)O1
514,93777-46-9,LC50,10.55,mg/L,4,CCCCCCCCCCOC(=O)C(CC)CCCC
515,93893-89-1,LC50,5.31,mg/L,4,C/C(=C\C#N)CCc1ccccc1
516,94-28-0,LC50,2.0,mg/L,3,CCCCC(CC)C(=O)OCCOCCOCCOC(=O)C(CC)CCCC
517,10042-76-9,LC50,4.5,mg/L,3,O=[N+]([O-])[O-]
518,941-69-5,LC50,0.034,mg/L,0,O=C1C=CC(=O)N1c1ccccc1
519,94233-27-9,LC50,0.89,mg/L,2,CCCCC(CC)C[O-]
520,94317-64-3,LC50,2.16666666666667,mg/L,3,CCCCNP(N)(N)=S
521,947-19-3,LC50,1.0,mg/L,2,O=C(c1ccccc1)C1(O)CCCCC1
522,95-16-9,LC50,5.0,mg/L,3,c1ccc2scnc2c1
523,95-76-1,LC50,0.631,mg/L,2,Nc1ccc(Cl)c(Cl)c1
524,96-26-4,LC50,5.0,mg/L,3,O=C(CO)CO
525,96-27-5,LC50,1.275,mg/L,3,OCC(O)CS
526,96-48-0,LC50,5.1,mg/L,4,O=C1CCCO1
527,98-01-1,LC50,0.54,mg/L,2,O=Cc1ccco1
528,98-15-7,LC50,0.0236,mg/L,0,FC(F)(F)c1cccc(Cl)c1
529,98-56-6,LC50,32.03,mg/L,4,FC(F)(F)c1ccc(Cl)cc1
530,98730-04-2,LC50,2.0,mg/L,3,CC1COc2ccccc2N1C(=O)C(Cl)Cl
531,99-99-0,LC50,0.851,mg/L,2,Cc1ccc([N+](=O)[O-])cc1
532,991-84-4,LC50,1.0,mg/L,2,CCCCCCCCSc1nc(Nc2cc(C(C)(C)C)c(O)c(C(C)(C)C)c2)nc(SCCCCCCCC)n1
533,99607-70-2,LC50,0.935,mg/L,2,CCCCCC(C)OC(=O)COc1ccc(Cl)c2cccnc12
534,11138-47-9,LC50,1.165,mg/L,3,O=BOO
535,111439-76-0,LC50,4.0,mg/L,3,CO[Si](CC(C)C)(OC)C(C)C
536,1117-86-8,LC50,7.015,mg/L,4,CCCCCCC(O)CO
537,1119-40-0,LC50,11.0,mg/L,4,COC(=O)CCCC(=O)OC
538,112-53-8,LC50,71.0,mg/L,4,CCCCCCCCCCCCO
539,112-95-8,LC50,5.991,mg/L,4,CCCCCCCCCCCCCCCCCCCC
540,1121-60-4,LC50,1.18666666666667,mg/L,3,O=Cc1ccccn1
541,113-48-4,LC50,1.95333333333333,mg/L,3,CCCCC(CC)CN1C(=O)C2C3C=CC(C3)C2C1=O
542,10043-35-3,LC50,2.03,mg/L,3,OB(O)O
543,115-77-5,LC50,5.15,mg/L,4,OCC(CO)(CO)CO
544,115-83-3,LC50,5.1,mg/L,4,CCCCCCCCCCCCCCCCCC(=O)OCC(COC(=O)CCCCCCCCCCCCCCCCC)(COC(=O)CCCCCCCCCCCCCCCCC)COC(=O)CCCCCCCCCCCCCCCCC
545,118-48-9,LC50,5.3,mg/L,4,O=c1[nH]c2ccccc2c(=O)o1
546,118-75-2,LC50,2.485,mg/L,3,O=C1C(Cl)=C(Cl)C(=O)C(Cl)=C1Cl
547,118-79-6,LC50,50.0,mg/L,4,Oc1c(Br)cc(Br)cc1Br
548,118-96-7,LC50,1.01,mg/L,3,Cc1c([N+](=O)[O-])cc([N+](=O)[O-])cc1[N+](=O)[O-]
549,119-36-8,LC50,0.9,mg/L,2,COC(=O)c1ccccc1O
550,120-20-7,LC50,5.5,mg/L,4,COc1ccc(CCN)cc1OC
551,120-32-1,LC50,2.51,mg/L,3,Oc1ccc(Cl)cc1Cc1ccccc1
552,120-94-5,LC50,4.5,mg/L,3,CN1CCCC1
553,10049-04-4,LC50,0.043,mg/L,0,[O-][Cl+][O-]
554,12004-14-7,LC50,3.26,mg/L,3,O=S(=O)([O-])[O-]
555,12007-92-0,LC50,2.04,mg/L,3,[O-]B([O-])[O-]
556,12035-72-2,LC50,1.138,mg/L,3,S=S=[Ni][Ni][Ni]
557,12036-37-2,LC50,4.35,mg/L,3,O=[Sn]([O-])[O-]
558,1204-28-0,LC50,2.33,mg/L,3,O=C(Cl)c1ccc2c(c1)C(=O)OC2=O
559,12054-48-7,LC50,5.15,mg/L,4,[OH2-].[OH2-].[Ni++]
560,101-02-0,LC50,6.7,mg/L,4,c1ccc(OP(Oc2ccccc2)Oc2ccccc2)cc1
561,12070-12-1,LC50,5.3,mg/L,4,[C-]#[W]
562,121-86-8,LC50,0.528,mg/L,2,Cc1ccc([N+](=O)[O-])cc1Cl
563,121-91-5,LC50,11.37,mg/L,4,O=C(O)c1cccc(C(=O)O)c1
564,12124-97-9,LC50,0.1,mg/L,1,[NH4+]
565,12136-78-6,LC50,1.93,mg/L,3,[SiH2]=[Mo]=[SiH2]
566,12138-09-9,LC50,5.25,mg/L,4,S=[W]=S
567,121451-02-3,LC50,5.24,mg/L,4,O=C(NC(=O)c1c(F)cccc1F)Nc1cc(Cl)c(OC(F)(F)C(F)C(F)(F)F)c(Cl)c1F
568,122-14-5,LC50,2.21,mg/L,3,COP(=S)(OC)Oc1ccc([N+](=O)[O-])c(C)c1
569,10024-97-2,LC50,500000.0,mg/L,4,[N-]=[N+]=O
570,107-02-8,LC50,16.75,mg/L,0,C=CC=O
571,460-73-1,LC50,116000.0,mg/L,4,FC(F)CC(F)(F)F
572,617-86-7,LC50,1774.0,mg/L,2,CC[Si](CC)CC
573,62435-71-6,LC50,13.7,mg/L,0,CCOCC1CCCO1
574,630-08-0,LC50,1300.0,mg/L,2,[C-]#[O+]
575,74-87-3,LC50,21.8,mg/L,0,CCl
576,74-89-5,LC50,2.1,mg/L,0,CN
577,74-93-1,LC50,675.0,mg/L,2,CS
578,75-00-3,LC50,19000.0,mg/L,3,CCCl
579,75-04-7,LC50,10.1666666666667,mg/L,0,CCN
580,75-21-8,LC50,1500.0,mg/L,2,C1CO1
581,115-10-6,LC50,164000.0,mg/L,4,COC
582,75-44-5,LC50,0.086925,mg/L,0,O=C(Cl)Cl
583,75-46-7,LC50,663000.0,mg/L,4,FC(F)F
584,75-73-0,LC50,50000.0,mg/L,4,FC(F)(F)F
585,76-16-4,LC50,500000.0,mg/L,4,FC(F)(F)C(F)(F)F
586,7782-41-4,LC50,185.0,mg/L,1,FF
587,7782-50-5,LC50,2.263,mg/L,0,ClCl
588,7783-54-2,LC50,5312.5,mg/L,3,FN(F)F
589,993-07-7,LC50,1774.0,mg/L,2,C[Si](C)C
590,116-14-3,LC50,28500.0,mg/L,4,FC(F)=C(F)F
591,116-15-4,LC50,3060.0,mg/L,3,FC(F)=C(F)C(F)(F)F
592,1187-93-5,LC50,10000.0,mg/L,3,FC(F)=C(F)OC(F)(F)F
593,13360-57-1,LC50,1.09433333333333,mg/L,0,CN(C)S(=O)(=O)Cl
594,25485-88-5,LC50,0.3,mg/L,0,O=C(OC1CCCCC1)c1ccccc1O
595,354-32-5,LC50,78.0,mg/L,0,O=C(Cl)C(F)(F)F
596,431-89-0,LC50,788696.0,mg/L,4,FC(C(F)(F)F)C(F)(F)F
597,100-46-9,LC50,0.525,mg/L,1,NCc1ccccc1
598,100-66-3,LC50,6.51,mg/L,2,COc1ccccc1
599,101-43-9,LC50,55.0,mg/L,4,C=C(C)C(=O)OC1CCCCC1
600,12033-89-5,LC50,5.07,mg/L,2,N12[Si]34N5[Si]16N3[Si]25N46
601,12036-76-9,LC50,5.05,mg/L,2,O=S(=O)(O)O
602,12065-90-6,LC50,5.05,mg/L,2,O=S(=O)([O-])[O-]
603,121-44-8,LC50,3496.0,mg/L,4,CCN(CC)CC
604,12108-13-3,LC50,0.1615,mg/L,0,C[c-]1cccc1
605,12202-17-4,LC50,5.05,mg/L,2,O=S(=O)([O-])[O-]
606,123-15-9,LC50,8.4,mg/L,2,CCCC(C)C=O
607,123-38-6,LC50,4.6,mg/L,2,CCC=O
608,123-54-6,LC50,1224.0,mg/L,4,CC(=O)CC(C)=O
609,123-72-8,LC50,5.46,mg/L,2,CCCC=O
610,102-82-9,LC50,0.5,mg/L,0,CCCCN(CCCC)CCCC
611,123-75-1,LC50,11.6666666666667,mg/L,3,C1CCNC1
612,123312-89-0,LC50,1.8,mg/L,1,CC1=NNC(=O)N(/N=C/c2cccnc2)C1
613,124-18-5,LC50,6.1,mg/L,2,CCCCCCCCCC
614,124-63-0,LC50,19.3705666666667,mg/L,3,CS(=O)(=O)Cl
615,124-70-9,LC50,2021.0,mg/L,4,C=C[Si](C)(Cl)Cl
616,1241-94-7,LC50,2.1,mg/L,2,CCCCC(CC)COP(=O)(Oc1ccccc1)Oc1ccccc1
617,12578-12-0,LC50,5.05,mg/L,2,CCCCCCCCCCCCCCCCCC(=O)O[Pb]O[Pb]O[Pb]OC(=O)CCCCCCCCCCCCCCCCC
618,127-08-2,LC50,6.95,mg/L,2,CC(=O)[O-]
619,127-09-3,LC50,5.81,mg/L,2,CC(=O)[O-]
620,13040-19-2,LC50,5.7,mg/L,2,CCCCCC[C@@H](O)C/C=C\CCCCCCCC(=O)[O-]
621,103-71-9,LC50,0.022,mg/L,0,O=C=Nc1ccccc1
622,1314-13-2,LC50,5.7,mg/L,2,O=[Zn]
623,1314-41-6,LC50,5.05,mg/L,2,O1[Pb]O[Pb]2O[Pb]1O2
624,1317-36-8,LC50,5.05,mg/L,2,O=[Pb]
625,1317-39-1,LC50,200.0,mg/L,4,[OH2--].[Cu+].[Cu+]
626,13171-18-1,LC50,12434.41,mg/L,4,COC(C(F)(F)F)C(F)(F)F
627,13475-82-6,LC50,4.951,mg/L,2,CC(CC(C)(C)C)CC(C)(C)C
628,13597-65-4,LC50,5.7,mg/L,2,O[Si](O)(O)O
629,104-75-6,LC50,1.548,mg/L,1,CCCCC(CC)CN
630,13674-84-5,LC50,7.0,mg/L,2,CC(CCl)OP(=O)(OC(C)CCl)OC(C)CCl
631,138495-42-8,LC50,114.428,mg/L,4,FC(C(F)C(F)(F)C(F)(F)F)C(F)(F)F
632,13862-16-3,LC50,99.0,mg/L,4,[SiH3]N([SiH3])[SiH3]
633,13893-53-3,LC50,24.56,mg/L,4,CC(C)C(C)(N)C#N
634,13952-84-6,LC50,11.2,mg/L,3,CCC(C)N
635,140-88-5,LC50,19.35,mg/L,3,C=CC(=O)OCC
636,140-90-9,LC50,7.69,mg/L,2,CCOC(=S)[S-]
637,141-32-2,LC50,10.5,mg/L,3,C=CC(=O)OCCCC
638,141-43-5,LC50,1.3,mg/L,1,NCCO
639,141-57-1,LC50,1352.0,mg/L,4,CCC[Si](Cl)(Cl)Cl
640,104-88-1,LC50,0.2855,mg/L,0,O=Cc1ccc(Cl)cc1
641,141-75-3,LC50,3.6,mg/L,2,CCCC(=O)Cl
642,142-29-0,LC50,22.9,mg/L,4,C1=CCCC1
643,142-72-3,LC50,5.04,mg/L,2,CC(=O)[O-]
644,142-82-5,LC50,51.395,mg/L,4,CCCCCCC
645,142-96-1,LC50,21.6,mg/L,4,CCCCOCCCC
646,14214-31-4,LC50,0.152,mg/L,0,C=C(Cl)CN=C=S
647,143-22-6,LC50,2.4,mg/L,2,CCCCOCCOCCOCCO
648,144-29-6,LC50,0.005,mg/L,0,O=C(O)CC(O)(CC(=O)O)C(=O)O
649,1453-58-3,LC50,28.0,mg/L,4,Cc1ccn[nH]1
650,151-56-4,LC50,0.1,mg/L,0,C1CN1
651,104-90-5,LC50,2.67,mg/L,2,CCc1ccc(C)nc1
652,1514-82-5,LC50,11726.0,mg/L,4,C=C(Br)C(F)(F)F
653,15245-44-0,LC50,5.05,mg/L,2,O=[N+]([O-])c1cc([N+](=O)[O-])c([O-])c([N+](=O)[O-])c1[O-]
654,15396-00-6,LC50,15.0,mg/L,3,CO[Si](CCCN=C=O)(OC)OC
655,156-60-5,LC50,24100.0,mg/L,4,Cl/C=C/Cl
656,15667-63-7,LC50,7.86666666666667,mg/L,2,C=CC(C#N)OC(C)=O
657,1569-02-4,LC50,9.59,mg/L,2,CCOCC(C)O
658,1569-69-3,LC50,5.6,mg/L,2,SC1CCCCC1
659,1575-61-7,LC50,0.32,mg/L,0,O=C(Cl)CCCCCl
660,15790-07-5,LC50,1705.881,mg/L,4,O=S(=O)([O-])c1ccc(N=Nc2c([O-])ccc3cc(S(=O)(=O)[O-])ccc23)cc1
661,16068-37-4,LC50,26.0,mg/L,4,CCO[Si](CC[Si](OCC)(OCC)OCC)(OCC)OCC
662,104-93-8,LC50,6.1,mg/L,2,COc1ccc(C)cc1
663,1609-86-5,LC50,1.593,mg/L,1,CC(C)(C)N=C=O
664,16215-21-7,LC50,216.055,mg/L,4,CCCCOC(=O)CCS
665,16219-75-3,LC50,2866.0,mg/L,4,C/C=C1\CC2C=CC1C2
666,1623-05-8,LC50,58.7,mg/L,4,FC(F)=C(F)OC(F)(F)C(F)(F)C(F)(F)F
667,1634-04-4,LC50,85.0,mg/L,4,COC(C)(C)C
668,1638-86-4,LC50,0.32,mg/L,0,CCOP(OCC)c1ccccc1
669,1663-39-4,LC50,7.02,mg/L,2,C=CC(=O)OC(C)(C)C
670,1671-49-4,LC50,5.41,mg/L,2,Cc1ccc(S(C)(=O)=O)cc1[N+](=O)[O-]
671,16753-62-1,LC50,5.0,mg/L,2,C=C[Si](C)(OC)OC
672,16881-77-9,LC50,4.6,mg/L,2,CO[Si](C)OC
673,10431-98-8,LC50,327.75,mg/L,4,CCC1=NCCO1
674,1704-62-7,LC50,70.0,mg/L,4,CN(C)CCOCCO
675,1708-29-8,LC50,6.0,mg/L,2,C1=CCOC1
676,17392-83-5,LC50,5.4,mg/L,2,COC(=O)C(C)O
677,17773-41-0,LC50,0.651,mg/L,1,CSCCC(O)C#N
678,1798-60-3,LC50,0.25,mg/L,0,CC(=O)C(O)c1ccccc1
679,1800-91-5,LC50,1761.0,mg/L,4,C=CC(F)(F)C(F)(F)C(F)(F)C(F)(F)C(F)(F)C(F)(F)C=C
680,18395-30-7,LC50,1525.0,mg/L,4,CO[Si](CC(C)C)(OC)OC
681,18406-41-2,LC50,2.4,mg/L,2,CO[Si](CC[Si](OC)(OC)OC)(OC)OC
682,1873-88-7,LC50,22.6,mg/L,4,C[Si](O[Si](C)(C)C)O[Si](C)(C)C
683,1897-52-5,LC50,2.64,mg/L,2,N#Cc1c(F)cccc1F
684,10493-43-3,LC50,21000.0,mg/L,4,FC(F)=C(F)OC(F)(F)C(F)(F)F
685,2028-63-9,LC50,0.53,mg/L,1,C#CC(C)O
686,2031-62-1,LC50,2378.7,mg/L,4,CCO[Si](C)OCC
687,20749-68-2,LC50,2.868,mg/L,2,O=C1c2c(Cl)c(Cl)c(Cl)c(Cl)c2C2=Nc3cccc4cccc(c34)N12
688,2156-97-0,LC50,0.69,mg/L,1,C=CC(=O)OCCCCCCCCCCCC
689,2182-55-0,LC50,22.007,mg/L,4,C=COC1CCCCC1
690,2210-79-9,LC50,6.1,mg/L,2,Cc1ccccc1OCC1CO1
691,2235-00-9,LC50,1.6,mg/L,1,C=CN1CCCCCC1=O
692,22374-89-6,LC50,5.0,mg/L,2,CC(N)CCc1ccccc1
693,2244-16-8,LC50,5.66,mg/L,2,C=C(C)[C@H]1CC=C(C)C(=O)C1
694,22504-50-3,LC50,216.055,mg/L,4,O=C(CCS)OCCOC(=O)CCS
695,105-38-4,LC50,10.2,mg/L,3,C=COC(=O)CC
696,23410-40-4,LC50,0.6,mg/L,1,CO[Si](C)(CC(C)CNCCN)OC
697,2356-53-8,LC50,21.98,mg/L,4,FC(F)(F)OC(F)(Cl)C(F)(F)Cl
698,2414-98-4,LC50,60000.0,mg/L,4,CC[O-]
699,24199-46-0,LC50,10.47,mg/L,3,CC/C(C)=C/CCC(C)=O
700,24279-39-8,LC50,1.8,mg/L,1,Nc1c(Cl)cc(C(F)(F)F)cc1Cl
701,2431-50-7,LC50,0.624,mg/L,1,C=C(Cl)C(Cl)CCl
702,2439-35-2,LC50,0.223333333333333,mg/L,0,C=CC(=O)OCCN(C)C
703,24468-13-1,LC50,0.26,mg/L,0,CCCCC(CC)COC(=O)Cl
704,24801-88-5,LC50,10.5,mg/L,3,CCO[Si](CCCN=C=O)(OCC)OCC
705,2487-90-3,LC50,61.0,mg/L,4,CO[Si](OC)OC
706,10025-67-9,LC50,2.5,mg/L,2,ClSSCl
707,105-45-3,LC50,16.5,mg/L,3,COC(=O)CC(C)=O
708,25167-67-3,LC50,10000.0,mg/L,4,C=CCC
709,25264-93-1,LC50,8050.0,mg/L,4,C/C=C/CCC
710,2528-61-2,LC50,0.4,mg/L,0,CCCCCCC(=O)Cl
711,25306-75-6,LC50,7.69,mg/L,2,CCC(C)OC(=S)S
712,25322-69-4,LC50,0.17,mg/L,0,CC(O)COC(C)CO
713,25339-53-1,LC50,8050.0,mg/L,4,C/C=C/CCCCCCC
714,25360-10-5,LC50,7.04,mg/L,2,CCCCCCC(C)(C)S
715,25377-72-4,LC50,19.6,mg/L,3,C=CCCC
716,25377-83-7,LC50,8050.0,mg/L,4,CC/C=C/CCCC
717,2554-06-5,LC50,1.32,mg/L,1,C=C[Si]1(C)O[Si](C)(C=C)O[Si](C)(C=C)O[Si](C)(C=C)O1
718,10591-84-1,LC50,5.064,mg/L,2,CN(C(=S)SSC(=S)N(C)c1ccccc1)c1ccccc1
719,25899-50-7,LC50,850.0,mg/L,4,CC/C=C\C#N
720,2627-95-4,LC50,246.0,mg/L,4,C=C[Si](C)(C)O[Si](C)(C)C=C
721,26471-62-5,LC50,66.0,mg/L,4,Cc1ccc(N=C=O)cc1N=C=O
722,26530-20-1,LC50,0.27,mg/L,0,CCCCCCCCn1sccc1=O
723,26635-64-3,LC50,33.52,mg/L,4,CCCCCC(C)C
724,26741-53-7,LC50,2.0,mg/L,1,CC(C)(C)c1ccc(O[P@]2OCC3(CO[P@@](Oc4ccc(C(C)(C)C)cc4C(C)(C)C)OC3)CO2)c(C(C)(C)C)c1
725,26748-41-4,LC50,48.225,mg/L,4,CC(C)(C)CCCCCC(=O)OOC(C)(C)C
726,26748-47-0,LC50,20.4,mg/L,4,CC(C)(C)CCCCCC(=O)OOC(C)(C)c1ccccc1
727,2687-91-4,LC50,5.1,mg/L,2,CCN1CCCC1=O
728,26896-20-8,LC50,3.0,mg/L,2,CCC(C)(CCC(C)C)C(=O)O
729,106-46-7,LC50,5.07,mg/L,2,Clc1ccc(Cl)cc1
730,26952-14-7,LC50,8050.0,mg/L,4,C=CCCCCCCCCCCCCCC
731,27070-58-2,LC50,8050.0,mg/L,4,C=CCCCCCCCCCCCCCCCC
732,27213-90-7,LC50,0.9365,mg/L,1,CC(C)Cc1cc2ccccc2c(S(=O)(=O)[O-])c1CC(C)C
733,27215-95-8,LC50,8050.0,mg/L,4,C/C=C/CCCCCC
734,2768-02-7,LC50,2773.0,mg/L,4,C=C[Si](OC)(OC)OC
735,27871-49-4,LC50,5.4,mg/L,2,COC(=O)[C@H](C)O
736,288-13-1,LC50,0.37,mg/L,0,c1cn[nH]c1
737,2909-38-8,LC50,0.0463333333333333,mg/L,0,O=C=Nc1cccc(Cl)c1
738,29171-20-8,LC50,1.0,mg/L,1,C#CC(C)(O)CCC=C(C)C
739,2935-90-2,LC50,1.81,mg/L,1,COC(=O)CCS
740,106-63-8,LC50,10.5,mg/L,3,C=CC(=O)OCC(C)C
741,2943-75-1,LC50,22.0,mg/L,4,CCCCCCCC[Si](OCC)(OCC)OCC
742,3010-02-4,LC50,62.0,mg/L,4,CCN(CC)CC#N
743,302-01-2,LC50,570.0,mg/L,4,NN
744,3030-47-5,LC50,290.0,mg/L,4,CN(C)CCN(C)CCN(C)C
745,3033-62-3,LC50,2.204,mg/L,2,CN(C)CCOCCN(C)C
746,3048-64-4,LC50,2374.5,mg/L,4,C=CC1CC2C=CC1C2
747,306-83-2,LC50,28000.0,mg/L,4,FC(F)(F)C(Cl)Cl
748,30674-80-7,LC50,8.794,mg/L,2,C=C(C)C(=O)OCCN=C=O
749,3085-30-1,LC50,24.3,mg/L,4,CCCC[O-]
750,3090-56-0,LC50,1.14,mg/L,1,C=CSC(C)O
751,106-94-5,LC50,35.0,mg/L,4,CCCBr
752,3121-61-7,LC50,2.7,mg/L,2,C=CC(=O)OCCOC
753,3179-63-3,LC50,0.09,mg/L,0,CN(C)CCCO
754,32055-14-4,LC50,0.4635,mg/L,0,Nc1ccccc1
755,3266-23-7,LC50,5.2,mg/L,2,CC1OC1C
756,3277-26-7,LC50,5.8,mg/L,2,C[Si](C)O[Si](C)C
757,329-01-1,LC50,0.087,mg/L,0,O=C=Nc1cccc(C(F)(F)F)c1
758,33021-02-2,LC50,68.2666666666667,mg/L,4,CC(C)COC(C)(C)C
759,3320-83-0,LC50,0.047,mg/L,0,O=C=Nc1ccccc1Cl
760,3353-69-3,LC50,1257.0,mg/L,4,C[Si](Cl)(Cl)CC[Si](C)(Cl)Cl
761,3425-61-4,LC50,2.425,mg/L,2,CCC(C)(C)OO
762,106-95-6,LC50,2.41,mg/L,2,C=CCBr
763,3445-11-2,LC50,0.008,mg/L,0,O=C1CCCN1CCO
764,3470-98-2,LC50,5.1,mg/L,2,CCCCN1CCCC1=O
765,35037-73-1,LC50,0.0225,mg/L,0,O=C=Nc1ccc(OC(F)(F)F)cc1
766,352-87-4,LC50,4.945,mg/L,2,C=C(C)C(=O)OCC(F)(F)F
767,35265-04-4,LC50,0.76,mg/L,1,CCC(C)NCCO
768,36727-29-4,LC50,0.24,mg/L,0,CC(CC(=O)Cl)CC(C)(C)C
769,375-50-8,LC50,630.5,mg/L,4,FC(F)(I)C(F)(F)C(F)(F)C(F)(F)I
770,3806-34-6,LC50,2.0,mg/L,1,CCCCCCCCCCCCCCCCCCO[P@]1OCC2(CO[P@@](OCCCCCCCCCCCCCCCCCC)OC2)CO1
771,3891-33-6,LC50,6.3,mg/L,2,C=COCCCCOC=C
772,40292-82-8,LC50,0.4,mg/L,0,CC(C)(C)CCCCCC(=O)Cl
773,106-98-9,LC50,10000.0,mg/L,4,C=CCC
774,4078-19-7,LC50,0.54,mg/L,1,CC(CC#N)N1CC1
775,4079-68-9,LC50,2.1,mg/L,2,C#CCN(CC)CC
776,4109-96-0,LC50,314.0,mg/L,4,Cl[SiH2]Cl
777,4170-30-3,LC50,928.0,mg/L,4,C/C=C\C=O
778,422-05-9,LC50,23.94,mg/L,4,OCC(F)(F)C(F)(F)F
779,4454-05-1,LC50,6.1,mg/L,2,COC1CCC=CO1
780,4488-57-7,LC50,212.907666666667,mg/L,4,C1=CC2C3CCC(C3)C2C1
781,4553-62-2,LC50,0.66,mg/L,1,CC(C#N)CCC#N
782,456-04-2,LC50,0.043,mg/L,0,O=C(CCl)c1ccc(F)cc1
783,460-00-4,LC50,18.0,mg/L,3,Fc1ccc(Br)cc1
784,1066-35-9,LC50,4478.0,mg/L,4,C[Si](C)Cl
785,462-95-3,LC50,6643.0,mg/L,4,CCOCOCC
786,4635-59-0,LC50,0.65,mg/L,1,O=C(Cl)CCCCl
787,4637-24-5,LC50,12.16,mg/L,3,COC(OC)[NH+](C)C
788,464-49-3,LC50,0.5,mg/L,0,CC1(C)[C@H]2CC[C@@]1(C)C(=O)C2
789,471-01-2,LC50,7.0,mg/L,2,CC1=CC(C)(C)CC(=O)C1
790,4747-21-1,LC50,8.53,mg/L,2,CNC(C)C
791,50-00-0,LC50,463.0,mg/L,4,C=O
792,505-65-7,LC50,20.8,mg/L,4,C1CCOCOC1
793,507-70-0,LC50,0.5,mg/L,0,CC1(C)C2CCC1(C)C(O)C2
794,51000-52-3,LC50,2.6,mg/L,2,C=COC(=O)CCCCCC(C)(C)C
795,1066-40-6,LC50,3151.0,mg/L,4,C[Si](C)(C)[O-]
796,51336-94-8,LC50,0.043,mg/L,0,O=C(CCl)c1ccc(F)cc1F
797,51422-54-9,LC50,10.5,mg/L,3,CCOCCOC(C)(C)C
798,52334-81-3,LC50,19.0,mg/L,3,FC(F)(F)c1ccc(Cl)nc1
799,5281-04-9,LC50,1.51,mg/L,1,Cc1ccc(N/N=C2\C(=O)C(C(=O)[O-])=Cc3ccccc32)c(S(=O)(=O)[O-])c1
800,534-22-5,LC50,852.9,mg/L,4,Cc1ccco1
801,53651-69-7,LC50,5.4,mg/L,2,CCCOC(=O)[C@H](C)O
802,540-54-5,LC50,6.54,mg/L,2,CCCCl
803,540-84-1,LC50,33.52,mg/L,4,CC(C)CC(C)(C)C
804,541-41-3,LC50,0.865,mg/L,1,CCOC(=O)Cl
805,541-73-1,LC50,17.6,mg/L,3,Clc1cccc(Cl)c1
806,1067-25-0,LC50,22.2,mg/L,4,CCC[Si](OC)(OC)OC
807,546-67-8,LC50,5.05,mg/L,2,CC(=O)[O-]
808,54839-24-6,LC50,6.99,mg/L,2,CCOCC(C)OC(C)=O
809,5538-94-3,LC50,10.0,mg/L,2,CCCCCCCC[N+](C)(C)CCCCCCCC
810,555-31-7,LC50,10000.0,mg/L,4,CC(C)[O-]
811,556-61-6,LC50,1.9,mg/L,1,CN=C=S
812,557-28-8,LC50,5.7,mg/L,2,CCC(=O)[O-]
813,557-34-6,LC50,6.49,mg/L,2,CC(=O)[O-]
814,56-23-5,LC50,7228.0,mg/L,4,ClC(Cl)(Cl)Cl
815,5614-37-9,LC50,21.5,mg/L,4,COC1CCCC1
816,563-80-4,LC50,6372.66666666667,mg/L,4,CC(=O)C(C)C
817,10025-78-2,LC50,1.5,mg/L,1,Cl[Si](Cl)Cl
818,107-01-7,LC50,10000.0,mg/L,4,C/C=C/C
819,565-80-0,LC50,2765.0,mg/L,4,CC(C)C(=O)C(C)C
820,57-57-8,LC50,25.0,mg/L,4,O=C1CCO1
821,590-01-2,LC50,23.78,mg/L,4,CCCCOC(=O)CC
822,590-86-3,LC50,42.7,mg/L,4,CC(C)CC=O
823,591-22-0,LC50,1.16,mg/L,1,Cc1cncc(C)c1
824,592-41-6,LC50,8050.0,mg/L,4,C=CCCCC
825,598-56-1,LC50,2.3,mg/L,2,CCN(C)C
826,5989-54-8,LC50,2421.0,mg/L,4,C=C(C)[C@@H]1CC=C(C)CC1
827,60-34-4,LC50,96.6,mg/L,4,CNN
828,6092-54-2,LC50,1.17,mg/L,1,CCCCCCOC(=O)Cl
829,107-06-2,LC50,7.758,mg/L,2,ClCCCl
830,616-38-6,LC50,5.36,mg/L,2,COC(=O)OC
831,6166-86-5,LC50,4.9,mg/L,2,C[Si]1O[Si](C)O[Si](C)O[Si](C)O[Si](C)O1
832,621-29-4,LC50,0.0315,mg/L,0,Cc1cccc(N=C=O)c1
833,62229-08-7,LC50,5.05,mg/L,2,O=S([O-])[O-]
834,623-40-5,LC50,295.0,mg/L,4,CCC/C(C)=N\O
835,624-65-7,LC50,4.44,mg/L,2,C#CCCl
836,624-92-0,LC50,1310.0,mg/L,4,CSSC
837,625-36-5,LC50,0.9,mg/L,1,O=C(Cl)CCCl
838,62899-75-6,LC50,0.88,mg/L,1,CC(NC(=O)Cl)C1CCCCC1
839,629-50-5,LC50,6.1,mg/L,2,CCCCCCCCCCCCC
840,107-10-8,LC50,7.08333333333333,mg/L,2,CCCN
841,629-59-4,LC50,6.1,mg/L,2,CCCCCCCCCCCCCC
842,629-73-2,LC50,8050.0,mg/L,4,C=CCCCCCCCCCCCCCC
843,637-92-3,LC50,5.88,mg/L,2,CCOC(C)(C)C
844,638-29-9,LC50,2.07,mg/L,2,CCCCC(=O)Cl
845,64-17-5,LC50,4730.89230769231,mg/L,4,CCO
846,64-18-6,LC50,7.85,mg/L,2,O=CO
847,64-19-7,LC50,16000.0,mg/L,4,CC(=O)O
848,6425-39-4,LC50,0.21,mg/L,0,C1CN(CCOCCN2CCOCC2)CCO1
849,646-06-0,LC50,68.4,mg/L,4,C1COCO1
850,647-42-7,LC50,5.2,mg/L,2,OCCC(F)(F)C(F)(F)C(F)(F)C(F)(F)C(F)(F)C(F)(F)F
851,107-11-9,LC50,177.0,mg/L,4,C=CCN
852,6485-40-1,LC50,5.66,mg/L,2,C=C(C)[C@@H]1CC=C(C)C(=O)C1
853,650-51-1,LC50,20.0,mg/L,3,O=C([O-])C(Cl)(Cl)Cl
854,660-68-4,LC50,5700.0,mg/L,4,CC[NH2+]CC
855,6600-31-3,LC50,7.37,mg/L,2,C1=CCC(C2OCC3(CO2)COC(C2CC=CCC2)OC3)CC1
856,66068-84-6,LC50,5.27,mg/L,2,CC1C2CC(CC2C2CCC(O)CC2)C1(C)C
857,6635-20-7,LC50,0.0417,mg/L,0,COc1cc(C=O)cc([N+](=O)[O-])c1O
858,66455-17-2,LC50,0.237,mg/L,0,CCCCCCCCCCO
859,66576-71-4,LC50,5.967,mg/L,2,CCC(C)C(=O)OC(C)C
860,67-63-0,LC50,10000.0,mg/L,4,CC(C)O
861,6746-94-7,LC50,22.3,mg/L,4,C#CC1CC1
862,107-12-0,LC50,3.3,mg/L,2,CCC#N
863,68-12-2,LC50,5.85,mg/L,2,CN(C)C=O
864,681-84-5,LC50,63.0,mg/L,4,CO[Si](OC)(OC)OC
865,68411-27-8,LC50,200.0,mg/L,4,CCCCCCCCCCCCOC(=O)c1ccccc1
866,6843-66-9,LC50,0.42,mg/L,0,CO[Si](OC)(c1ccccc1)c1ccccc1
867,68476-55-1,LC50,27.9333333333333,mg/L,4,CCCCC
868,6850-63-1,LC50,3.6,mg/L,2,CC1CCCC(C)C1N
869,68526-55-6,LC50,8050.0,mg/L,4,C=CCCCCCCC
870,68526-56-7,LC50,133.632952380952,mg/L,4,C=C/C=C/CC/C=C/CC
871,68526-83-0,LC50,0.024,mg/L,0,CC(C)CCCCCO
872,68526-84-1,LC50,21.7,mg/L,4,CC(C)CCCCCCO
873,107-13-1,LC50,943.333333333333,mg/L,4,C=CC#N
874,68526-85-2,LC50,95.3,mg/L,4,CC(C)CCCCCCCO
875,68526-86-3,LC50,12.2,mg/L,3,CC(C)CCCCCCCCCCO
876,68551-08-6,LC50,95.3,mg/L,4,CC(C)CCCCCCCO
877,68551-17-7,LC50,4.9744347826087,mg/L,2,CCCCCCCC(C)C
878,68551-19-9,LC50,4.951,mg/L,2,CCCCCCCCCCC(C)C
879,68586-02-7,LC50,1224.0,mg/L,4,CC(=O)[CH-]C(C)=O
880,68649-42-3,LC50,5.0,mg/L,2,CCCCCCCOP(=S)([S-])OCCCCCCC
881,687-47-8,LC50,5.4,mg/L,2,CCOC(=O)[C@H](C)O
882,69300-15-8,LC50,5.3,mg/L,2,CCCCCCCCC(C)C#N
883,7087-68-5,LC50,2.63,mg/L,2,CCN(C(C)C)C(C)C
884,107-18-6,LC50,92.0566666666667,mg/L,4,C=CCO
885,71-43-2,LC50,6871.8835,mg/L,4,c1ccccc1
886,71598-17-9,LC50,14.78,mg/L,3,CN(C)c1ccc(C=CC2=[N+](C)c3ccccc3C2(C)C)cc1
887,72-19-5,LC50,5.15,mg/L,2,CC(O)C(N)C(=O)O
888,73984-93-7,LC50,0.62,mg/L,1,CCCCCCCCCC(C)(C)SSc1n[nH]c(=S)s1
889,74-87-3,LC50,6.3,mg/L,2,CCl
890,74-97-5,LC50,38.6,mg/L,4,ClCBr
891,75-05-8,LC50,3587.0,mg/L,4,CC#N
892,107-19-7,LC50,2.0,mg/L,1,C#CCO
893,75-07-0,LC50,6662.02,mg/L,4,CC=O
894,75-08-1,LC50,11.23,mg/L,3,CCS
895,75-12-7,LC50,21.0,mg/L,4,NC=O
896,75-15-0,LC50,10.35,mg/L,3,S=C=S
897,75-18-3,LC50,40250.0,mg/L,4,CSC
898,75-21-8,LC50,660.0,mg/L,4,C1CO1
899,75-26-3,LC50,9923.0,mg/L,4,CC(C)Br
900,75-29-6,LC50,6.54,mg/L,2,CC(C)Cl
901,75-31-0,LC50,793.366666666667,mg/L,4,CC(C)N
902,75-35-4,LC50,86.8883333333333,mg/L,4,C=C(Cl)Cl
903,107-20-0,LC50,0.65,mg/L,1,O=CCCl
904,75-44-5,LC50,0.149166666666667,mg/L,0,O=C(Cl)Cl
905,75-50-3,LC50,1754.3,mg/L,4,CN(C)C
906,75-54-7,LC50,1785.0,mg/L,4,C[Si](Cl)Cl
907,75-56-9,LC50,842.6992,mg/L,4,CC1CO1
908,75-66-1,LC50,26643.0,mg/L,4,CC(C)(C)S
909,75-76-3,LC50,21.3,mg/L,4,C[Si](C)(C)C
910,75-77-4,LC50,4257.0,mg/L,4,C[Si](C)(C)Cl
911,75-78-5,LC50,2092.0,mg/L,4,C[Si](C)(Cl)Cl
912,75-79-6,LC50,1365.0,mg/L,4,C[Si](Cl)(Cl)Cl
913,75-83-2,LC50,73860.0,mg/L,4,CCC(C)(C)C
914,107-31-3,LC50,5.2,mg/L,2,COC=O
915,75-85-4,LC50,3000.0,mg/L,4,CCC(C)(C)O
916,75-89-8,LC50,784.0,mg/L,4,OCC(F)(F)F
917,75-94-5,LC50,1121.0,mg/L,4,C=C[Si](Cl)(Cl)Cl
918,763-69-9,LC50,998.0,mg/L,4,CCOCCC(=O)OCC
919,7637-07-2,LC50,1.21,mg/L,1,FB(F)F
920,766-09-6,LC50,2.42333333333333,mg/L,2,CCN1CCCCC1
921,7681-52-9,LC50,10.5,mg/L,3,[O-]Cl
922,7691-02-3,LC50,1516.0,mg/L,4,C=C[Si](C)(C)N[Si](C)(C)C=C
923,77-47-4,LC50,1.2895,mg/L,1,ClC1=C(Cl)C(Cl)(Cl)C(Cl)=C1Cl
924,77-73-6,LC50,212.907666666667,mg/L,4,C1=CC2C3C=CC(C3)C2C1
925,10026-04-7,LC50,1312.0,mg/L,4,Cl[Si](Cl)(Cl)Cl
926,107-46-0,LC50,15956.0,mg/L,4,C[Si](C)(C)O[Si](C)(C)C
927,7719-09-7,LC50,4.9253,mg/L,2,O=S(Cl)Cl
928,7756-94-7,LC50,2102.0855,mg/L,4,C[C](C)C
929,7787-93-1,LC50,1257.0,mg/L,4,C[Si](Cl)(Cl)CCCCl
930,78-83-1,LC50,18.18,mg/L,3,CC(C)CO
931,78-84-2,LC50,23.6,mg/L,4,CC(C)C=O
932,78-85-3,LC50,0.553333333333333,mg/L,1,C=C(C)C=O
933,78-86-4,LC50,6.76,mg/L,2,CCC(C)Cl
934,78-95-5,LC50,1.9,mg/L,1,CC(=O)CCl
935,107-51-7,LC50,22.6,mg/L,4,C[Si](C)(C)O[Si](C)(C)O[Si](C)(C)C
936,79-03-8,LC50,0.2,mg/L,0,CCC(=O)Cl
937,79-09-4,LC50,19.7,mg/L,3,CCC(=O)O
938,79-10-7,LC50,5.1,mg/L,2,C=CC(=O)O
939,79-22-1,LC50,0.061,mg/L,0,COC(=O)Cl
940,79-29-8,LC50,73860.0,mg/L,4,CC(C)C(C)C
941,79-30-1,LC50,0.823333333333333,mg/L,1,CC(C)C(=O)Cl
942,79-37-8,LC50,771.65,mg/L,4,O=C(Cl)C(=O)Cl
943,79-41-4,LC50,7.1,mg/L,2,C=C(C)C(=O)O
944,79710-86-4,LC50,4.48,mg/L,2,O=CC1CCOC1
945,107-59-5,LC50,4.738,mg/L,2,CC(C)(C)OC(=O)CCl
946,822-06-0,LC50,0.124,mg/L,0,O=C=NCCCCCCN=C=O
947,84605-29-8,LC50,2.3,mg/L,2,CC(C)CC(C)OP(=S)([S-])OC(C)C
948,84632-65-5,LC50,2250.0,mg/L,4,O=C1NC(c2ccc(Cl)cc2)=C2C(=O)NC(c3ccc(Cl)cc3)=C12
949,87135-01-1,LC50,0.042,mg/L,0,CO[Si](CCCCCC[Si](OC)(OC)OC)(OC)OC
950,87172-89-2,LC50,8.535,mg/L,2,CC(C)[C@@]12CC[C@@](C)(O1)[C@@H](O)C2
951,872-05-9,LC50,8050.0,mg/L,4,C=CCCCCCCCC
952,88917-22-0,LC50,5.7,mg/L,2,CCC(OCCCOC)OC(C)=O
953,89-98-5,LC50,1.203,mg/L,1,O=Cc1ccccc1Cl
954,9003-01-4,LC50,5.1,mg/L,2,C=CC(=O)[O-]
955,9003-29-6,LC50,2102.0855,mg/L,4,C/C=C/C
956,107-85-7,LC50,11.2333333333333,mg/L,3,CC(C)CCN
957,9004-98-2,LC50,0.1,mg/L,0,CCCCCCCC/C=C\CCCCCCCCOCCO
958,91-20-3,LC50,39.05,mg/L,4,c1ccc2ccccc2c1
959,919-30-2,LC50,10.5,mg/L,3,CCO[Si](CCCN)(OCC)OCC
960,919-94-8,LC50,23.2,mg/L,4,CCOC(C)(C)CC
961,926-63-6,LC50,4.499,mg/L,2,CCCN(C)C
962,929-06-6,LC50,0.0087,mg/L,0,NCCOCCO
963,931-36-2,LC50,0.03,mg/L,0,CCc1ncc(C)[nH]1
964,93762-80-2,LC50,8050.0,mg/L,4,CCCC/C=C/CC/C=C/CCCCCC
965,93857-00-2,LC50,22.2,mg/L,4,CCC[Si]([O-])([O-])[O-]
966,93924-10-8,LC50,8050.0,mg/L,4,C=CCCCCCCCCCCCCCCCCCCCC
967,107-86-8,LC50,6.5,mg/L,2,CC(C)=CC=O
968,93924-11-9,LC50,8050.0,mg/L,4,C=CCCCCCCCCCCCCCCCCCCCCCCCC
969,94-60-0,LC50,2.91,mg/L,2,COC(=O)C1CCC(C(=O)OC)CC1
970,94239-04-0,LC50,2529.5,mg/L,4,Fc1cccc(C(F)(F)F)n1
971,95-51-2,LC50,4.406,mg/L,2,Nc1ccccc1Cl
972,95-53-4,LC50,862.0,mg/L,4,Cc1ccccc1N
973,95-57-8,LC50,4.77,mg/L,2,Oc1ccccc1Cl
974,95-68-1,LC50,1.53,mg/L,1,Cc1ccc(N)c(C)c1
975,95-73-8,LC50,2.669,mg/L,2,Cc1ccc(Cl)cc1Cl
976,96-05-9,LC50,1.47,mg/L,1,C=CCOC(=O)C(=C)C
977,96-17-3,LC50,50.5,mg/L,4,CCC(C)C=O
978,108-01-0,LC50,1641.0,mg/L,4,CN(C)CCO
979,96-18-4,LC50,4.8,mg/L,2,ClCC(Cl)CCl
980,96-29-7,LC50,4.83,mg/L,2,CC/C(C)=N/O
981,96-33-3,LC50,10.832,mg/L,3,C=CC(=O)OC
982,96-34-4,LC50,210.0,mg/L,4,COC(=O)CCl
983,97-63-2,LC50,55.0,mg/L,4,C=C(C)C(=O)OCC
984,97-85-8,LC50,3.88,mg/L,2,CC(C)COC(=O)C(C)C
985,97-94-9,LC50,738.0,mg/L,4,CCB(CC)CC
986,97-99-4,LC50,751.0,mg/L,4,OCC1CCCO1
987,98-00-0,LC50,1.33666666666667,mg/L,1,OCc1ccco1
988,98-94-2,LC50,1.7,mg/L,1,CN(C)C1CCCCC1
989,108-10-1,LC50,9.9,mg/L,2,CC(=O)CC(C)C
990,99-08-1,LC50,0.88,mg/L,1,Cc1cccc([N+](=O)[O-])c1
991,994-05-8,LC50,5.4,mg/L,2,CCC(C)(C)OC
992,996-35-0,LC50,4.499,mg/L,2,CC(C)N(C)C
993,998-30-1,LC50,0.5,mg/L,0,CCO[Si](OCC)OCC
994,999-97-3,LC50,1516.0,mg/L,4,C[Si](C)(C)N[Si](C)(C)C
995,108-11-2,LC50,16.0,mg/L,3,CC(C)CC(C)O
996,108-18-9,LC50,5.35,mg/L,2,CC(C)NC(C)C
997,108-22-5,LC50,22.0,mg/L,4,C=C(C)OC(C)=O
998,1003-03-8,LC50,7.7,mg/L,2,NC1CCCC1
999,108-83-8,LC50,14.5,mg/L,3,CC(C)CC(=O)CC(C)C
1000,108-88-3,LC50,27.9333333333333,mg/L,4,Cc1ccccc1
1001,108-90-7,LC50,20.4,mg/L,4,Clc1ccccc1
1002,109-06-8,LC50,9.4,mg/L,2,Cc1ccccn1
1003,109-13-7,LC50,2.53,mg/L,2,CC(C)C(=O)OOC(C)(C)C
1004,109-55-7,LC50,4.31,mg/L,2,CN(C)CCCN
1005,109-67-1,LC50,10000.0,mg/L,4,C=CCCC
1006,109-73-9,LC50,4.2,mg/L,2,CCCCN
1007,109-87-5,LC50,57.0,mg/L,4,COCOC
1008,109-89-7,LC50,5700.0,mg/L,4,CCNCC
1009,1003-14-1,LC50,15.5333333333333,mg/L,3,CCCC1CO1
1010,109-94-4,LC50,28.95,mg/L,4,CCOC=O
1011,110-01-0,LC50,6270.0,mg/L,4,C1CCSC1
1012,110-19-0,LC50,30.0,mg/L,4,CC(=O)OCC(C)C
1013,110-43-0,LC50,16.7,mg/L,3,CCCCCC(C)=O
1014,110-54-3,LC50,73860.0,mg/L,4,CCCCCC
1015,110-62-3,LC50,14.3,mg/L,3,CCCCC=O
1016,110-71-4,LC50,20.0,mg/L,3,COCCOC
1017,110-80-5,LC50,7.36,mg/L,2,CCOCCO
1018,110-82-7,LC50,32.88,mg/L,4,C1CCCCC1
1019,110-87-2,LC50,10.7,mg/L,3,C1=COCCC1
1020,10061-01-5,LC50,707.0,mg/L,4,Cl/C=C\CCl
1021,110-88-3,LC50,39.2,mg/L,4,C1OCOCO1
1022,110-89-4,LC50,4.8,mg/L,2,C1CCNCC1
1023,110-95-2,LC50,502.66,mg/L,4,C[NH+](C)CCC[NH+](C)C
1024,11099-06-2,LC50,20.0,mg/L,3,CCO[Si](OCC)(OCC)OCC
1025,111-26-2,LC50,74.67,mg/L,4,CCCCCCN
1026,111-34-2,LC50,33.3,mg/L,4,C=COCCCC
1027,111-36-4,LC50,0.059,mg/L,0,CCCCN=C=O
1028,111-44-4,LC50,250.0,mg/L,4,ClCCOCCCl
1029,111-55-7,LC50,0.845,mg/L,1,CC(=O)OCCOC(C)=O
1030,111-64-8,LC50,0.63,mg/L,1,CCCCCCCC(=O)Cl
1031,1009-93-4,LC50,4.9,mg/L,2,C[Si]1(C)N[Si](C)(C)N[Si](C)(C)N1
1032,111-65-9,LC50,24.88,mg/L,4,CCCCCCCC
1033,111-66-0,LC50,8050.0,mg/L,4,C=CCCCCCC
1034,111-84-2,LC50,17.0,mg/L,3,CCCCCCCCC
1035,111-88-6,LC50,3.1,mg/L,2,CCCCCCCCS
1036,111-92-2,LC50,218.0,mg/L,4,CCCCNCCCC
1037,111109-77-4,LC50,792.0,mg/L,4,COCCCOCCCOC
1038,1112-39-6,LC50,4.7,mg/L,2,CO[Si](C)(C)OC
1039,112-05-0,LC50,5.3,mg/L,2,CCCCCCCCC(=O)O
1040,112-40-3,LC50,6.1,mg/L,2,CCCCCCCCCCCC
1041,112-41-4,LC50,8050.0,mg/L,4,C=CCCCCCCCCCC
1042,101-37-1,LC50,0.333,mg/L,0,C=CCOc1nc(OCC=C)nc(OCC=C)n1
1043,112-42-5,LC50,0.7,mg/L,1,CCCCCCCCCCCO
1044,112-88-9,LC50,8050.0,mg/L,4,C=CCCCCCCCCCCCCCCCC
1045,1120-21-4,LC50,6.1,mg/L,2,CCCCCCCCCCC
1046,1120-36-1,LC50,8050.0,mg/L,4,C=CCCCCCCCCCCCC
1047,115-11-7,LC50,10000.0,mg/L,4,C=C(C)C
1048,115-18-4,LC50,21.2,mg/L,4,C=CC(C)(C)O
1049,115-19-5,LC50,21.3,mg/L,4,C#CC(C)(C)O
1050,115-21-9,LC50,1257.0,mg/L,4,CC[Si](Cl)(Cl)Cl
1051,1185-55-3,LC50,7605.0,mg/L,4,CO[Si](C)(OC)OC
1052,120-92-3,LC50,19.5,mg/L,3,O=C1CCCC1
