SMILES,value
O=C(O)c1ccc(C(=O)O)cc1,1.515
OCc1ccccc1,4.178
CN(C)C(=O)Nc1ccccc1,5.06
CCN(CCO)c1ccc(N=Nc2sc3cc(OC)ccc3[n+]2C)cc1,1.041
CCCCCCCCCCCCCCCC[n+]1ccccc1,0.054
CCCCC(C=O)CC,6.83
Nc1ccc(O)cc1,3.42
CNC=O,4.1
NC(=O)N=NC(N)=O,0.52
CCCCOC(C)=O,0.74
O=S(=O)([O-])[O-],4.58
O=[Mo](=O)([O-])[O-],5.1
O=C=Nc1ccc(Cc2ccc(N=C=O)cc2)cc1,0.4434
Fc1ccc(Oc2ccnc3cc(Cl)cc(Cl)c23)cc1,3.38
OCC(CO)(CO)COCC(CO)(CO)CO,5.07
CC(C)COP(=O)(OCC(C)C)OCC(C)C,5.14
CCCCOP(=O)(OCCCC)OCCCC,4.242
CC(=O)N(C)C,8.8
Cc1ccc(S(=O)(=O)[N-]Cl)cc1,0.275
O=[N+]([O-])c1cccc(S(=O)(=O)[O-])c1,5.1
O=C1OC(=O)c2ccc3c4ccc5c6c(ccc(c7ccc1c2c73)c64)C(=O)OC5=O,5.2
O=P1([O-])OP(=O)([O-])OP(=O)([O-])OP(=O)([O-])OP(=O)([O-])OP(=O)([O-])O1,3.69
CC(C)c1nn(C(=O)NC(C)(C)C)c(=O)n1N,2.242
O=C1C=CC(=O)c2ccccc21,0.046
O=[Al][O-],3.5
O=[Ca],6.04
O=[Ce]=O,5.05
O=[Cr]O[Cr]=O,5.41
O=P([O-])([O-])O,2.6
O=P([O-])([O-])F,2.1
O=[Ge]=O,2.26
O=[Mo](=O)=O,5.1
O=[Nb](=O)O[Nb](=O)=O,5.45
O=[Ni],5.08
O=[W](=O)=O,5.36
O=[Sb](=O)O[Sb](=O)=O,5.4
O=[V](=O)O[V](=O)=O,7.69
S=[SnH2],5.03
O=C(CS)OCC(COC(=O)CS)(COC(=O)CS)COC(=O)CS,3.363
O=S(=O)(O)c1ccccc1N=C1C=CC(=C(c2ccc(Nc3ccccc3)cc2)c2ccc(Nc3ccccc3)cc2)C=C1,2.0
CC1=CCC(C(C)C)C=C1,4.95
O=C1C2CC=CCC2C(=O)N1SC(Cl)(Cl)Cl,0.783333333333333
CCCCNCC,11.25
CCC(C)(OO)OOC(C)(CC)OO,1.5
CNC(C)C(O)c1ccccc1,2.2
O=[Se](=O)([O-])[O-],1.0
O=[Mn],5.35
O=[Si]([O-])[O-],21.929
O=C=Nc1ccc(Cl)c(Cl)c1,0.395
O=[W](=O)([O-])[O-],5.01
CCOC(=O)C1CCC(C)CC1=O,5.0
CCOC(=O)CC(NC1CCC(CC2CCC(NC(CC(=O)OCC)C(=O)OCC)C(C)C2)CC1C)C(=O)OCC,4.224
O=P(OC(CCl)CCl)(OC(CCl)CCl)OC(CCl)CCl,5.22
CCCCCCCCCCCC(=O)N(C)CC(=O)[O-],0.05
CN(C)C(=S)[S-],0.13
CNC(=S)[S-],6.8
CCCN(CCC)CCC,4.5
[O-][B][O-],12.62
O=[V](=O)[O-],4.26333333333333
O=[Se]([O-])[O-],1.0
O=[V](=O)[O-],2.96666666666667
C=CN1CCN(C=C)C1=O,5.3
O=[Si]([O-])O[Si](=O)[O-],3.51
CCCCN(CCCC)C(=S)[S-],0.416
CC(=O)OCC(COC(C)=O)OC(C)=O,1.721
CC(=O)[CH-]C(C)=O,5.47
O=S(=O)([O-])c1ccc2c(c1)-c1nc-2nc2[n-]c(nc3nc([n-]c4nc(n1)-c1ccc(S(=O)(=O)[O-])cc1-4)-c1ccc(S(=O)(=O)[O-])cc1-3)c1ccc(S(=O)(=O)[O-])cc21,14.2
O=P(O)(O)CN(CCN(CP(=O)(O)O)CP(=O)(O)O)CP(=O)(O)O,4.6
CO/N=C(/C(=O)OC)c1ccccc1COc1ccccc1C,5.6
CCCCCCCCCC(=O)N(C)C,3.5507
CN(C)C(=S)[S-],0.281
O=P([O-])([O-])OP(=O)([O-])[O-],0.58
NCc1cccc(CN)c1,1.29333333333333
O=[Cr](=O)([O-])[O-],0.092
CC1CCC(C(C)C)C(O)C1,5.289
Nc1cc(Cl)nc(C(=O)O)c1Cl,5.5
CC[P+](c1ccccc1)(c1ccccc1)c1ccccc1,5.0
C=C[Si](OC(=C)C)(OC(=C)C)OC(=C)C,4.31
CN1COCN(Cc2cnc(Cl)s2)/C1=N/[N+](=O)[O-],3.72
CC(CN)CCCN,4.9
N#CN,0.155
Cc1cc(Cl)ccc1O,0.9
O=C([O-])CN(CCN(CC(=O)[O-])CC(=O)[O-])CC(=O)[O-],2.75
O=S([O-])([O-])=S,9.625
CC(C)(C)CC(C)(C)c1ccc(Nc2ccc(C(C)(C)CC(C)(C)C)cc2)cc1,5.8
Cc1cc([O-])ccc1Cl,2.91033333333333
CC(C)c1ccc(S(=O)(=O)[O-])cc1,6.41
C=CC(=O)O[Si](C(C)C)(C(C)C)C(C)C,5.99
CCN(C(=O)n1nnn(-c2ccccc2Cl)c1=O)C1CCCCC1,5.085
O=S(=O)([O-])c1ccc(Nc2nc(Nc3ccc(/C=C/c4ccc(Nc5nc(Nc6ccc(S(=O)(=O)[O-])cc6)nc(N(CCO)CCO)n5)c(S(=O)(=O)[O-])c4)cc3S(=O)(=O)[O-])nc(N(CCO)CCO)n2)cc1,1.8575
CN=C(NCC1CCOC1)N[N+](=O)[O-],4.09
Nc1ccc(Nc2ccc(S(N)(=O)=O)cc2)cc1,5.2
CC(C)(O)Cc1ccccc1,3.005
CC(C)(O)CCc1ccccc1,3.005
CCCCCCCCCCCCCOC(=O)CCCCC(=O)OCCCCCCCCCCCCC,3.2
CCCCNc1ccc(NCCCC)c2c1C(=O)c1ccccc1C2=O,4.0
Cc1nccn1C,7.5
CCCCCCCCCCC(C)CCCCCCCC,4.8
N=C(N)S(=O)O,0.164
CO[Si](CCCNCCN)(OC)OC,1.49
CO[SiH](CC1CCCCC1)OC,5.53
CCO[Si](CC(C)C)(OCC)OCC,5.88
O=S(=O)(O)c1cc(S(=O)(=O)O)c2[n-]c(-c3ccc(-c4nc5c(S(=O)(=O)O)cc(S(=O)(=O)O)cc5[n-]4)cc3)nc2c1,1.87
CCCCC(CC)COC(=O)CCCCC(=O)OCC(CC)CCCC,5.7
CCCCC(CC)COC(=O)[C@H](C)O,5.6
CCCP(=O)(OC)OC,5.788
C=CC(=C)CC/C=C(\C)CCC=C(C)C,2.06
O=[Mo]=O,5.1
CN1CCSC1=S,0.6
C[n+]1ccc(-c2cc[n+](C)cc2)cc1,0.0007
O=P(OCC(CBr)(CBr)CBr)(OCC(CBr)(CBr)CBr)OCC(CBr)(CBr)CBr,1.81
CC(=O)OCCOC(C)C,12.3
CC(=O)[CH-]C(C)=O,5.47
O=C(O)Cc1ccccc1,5.0
COc1cc(OC)nc(NC(=O)N=S(=O)([O-])c2ncccc2OCC(F)(F)F)n1,5.03
CC(C)(O)c1cccc(C(C)(C)O)c1,5.12
O=C(O)COc1ccc(Cl)cc1Cl,5.0
Nc1[nH]c(=O)ncc1F,5.17
CCO[Si](C)(OCC)OCC,13.5
FC(F)(F)C(F)(F)C(F)(F)C(F)(F)C(F)(F)C(F)(F)CCI,10.6
CCCCCCCCCCCCCCCCCCOC(=O)CCc1cc(C(C)(C)C)c(O)c(C(C)(C)C)c1,1.81
C=C(C)c1cccc(C(=O)N=C(C)C)c1,0.75
CC(O)C(=O)O,7.94
CCN(CC)C(=S)[S-],0.51
CC(C)c1cc(C(C)C)c(N=C=O)c(C(C)C)c1N=C=O,0.11
CC(CO)CO,5.1
CC(=O)C(N=Nc1cc(Cl)c(-c2cc(Cl)c(N=NC(C(C)=O)C(=O)Nc3ccc(C)cc3C)cc2Cl)cc1Cl)C(=O)Nc1ccc(C)cc1C,4.25
CC(C)CC(C)OP(=S)([S-])OC(C)CC(C)C,2.0
Nc1cccc2c(N)cccc12,5.27
C#CCOS(=O)OC1CCCCC1Oc1ccc(C(C)(C)C)cc1,0.89
CCC(CO)(CO)COCC(CC)(CO)CO,5.15
CCOc1ccccc1NC(=O)C(=O)Nc1ccccc1CC,5.0
CC(C)c1ccc2cc(C(C)C)ccc2c1,5.64
O=C=Nc1ccc(C(c2ccc(N=C=O)cc2)c2ccc(N=C=O)cc2)cc1,0.437
Cc1ccc(O)c(-n2nc3ccccc3n2)c1,0.59
O=c1n(CC2CO2)c(=O)n(CC2CO2)c(=O)n1CC1CO1,3.09
CCCCCC1C(=O)CCC1CC(=O)OC,4.93
CCOC(=O)C(C)C1CCCCC1,5.4
CO[Si](CCCOCC1CO1)(OC)OC,5.3
C=C(C)C(=O)OCCC[Si](OC)(OC)OC,2.28
Cc1ccc([N+](=O)[O-])cc1[N+](=O)[O-],0.4225
O=C=Nc1ccccc1Cc1ccccc1N=C=O,0.606475
CC(C)CCCCCCCOP(OCCCCCCCC(C)C)OCCCCCCCC(C)C,12.6
CCCCC(CC)CO,0.89
Cc1cc(Nc2cc(S(=O)(=O)[O-])c(N)c3c2C(=O)c2ccccc2C3=O)cc(S(=O)(=O)NCCO)c1C,0.29
COC(=O)C(C)(C)N=NC(C)(C)C(=O)OC,2.034
CCC(C)(C)c1cc(-n2nc3ccccc3n2)c(O)c(C(C)(C)CC)c1,0.4
O=C(Nc1ccc2c(c1)C=C(S(=O)(=O)[O-])/C(=N/Nc1ccc(N=Nc3ccc(S(=O)(=O)[O-])cc3)cc1S(=O)(=O)[O-])C2=O)Nc1ccc2c(c1)C=C(S(=O)(=O)[O-])/C(=N/Nc1ccc(N=Nc3ccc(S(=O)(=O)[O-])cc3)cc1S(=O)(=O)[O-])C2=O,5.0
c1ccc(-c2ccc(-c3ccccc3)cc2)cc1,3.8
CC(=O)OC/C=C(\C)C=O,8.96666666666667
Cc1ccc(N2C(=O)N(c3ccc(C)c(N=C=O)c3)C2=O)cc1N=C=O,1.12
Cn1sccc1=O,0.113333333333333
CCCCCCCCOC1=CC=CC(=C2N=C(c3ccc(C)cc3C)NC(c3ccc(C)cc3C)=N2)C1=O,0.377
NC(=O)CCN(CCO)c1nc(Nc2ccccc2)nc(Nc2ccc(/C=C/c3ccc(Nc4nc(Nc5ccccc5)nc(N(CCO)CCC(N)=O)n4)cc3S(=O)(=O)[O-])c(S(=O)(=O)[O-])c2)n1,1.8575
CCc1ccc(CC)cc1,5.0
O=S(=O)([O-])c1ccccc1/C=C\c1ccc(-c2ccc(/C=C\c3ccccc3S(=O)(=O)[O-])cc2)cc1,3.96666666666667
Cc1ccccc1Cc1ccccc1,1.0
CC(CN=NCC(C)C1=NCCN1)C1=NCCN1,5.1
CC(C)(N=C=O)c1cccc(C(C)(C)N=C=O)c1,0.06
CCOP(=O)(CN(CCO)CCO)OCC,0.522
CCOc1ccccc1NC(=O)C1=Cc2ccccc2/C(=N\Nc2ccc(C(N)=O)cc2)C1=O,1.58
Cc1ccc(N=C=O)cc1Cl,0.0905
CC1(C)CC(N)CC(C)(CN)C1,3.69666666666667
O=c1[n-]c(=O)n(Cl)c(=O)n1Cl,0.27
CCC(C)(C)OOC(=O)C(C)(C)C,9.5
C=C(C)C(=O)OCCN(CC)CC,1.8
C1CO[Sb]2OCCO[Sb](O1)OCCO2,5.2
O=C([O-])O,4.88
O=C([O-])CS,2729.0
CN[C@@H](C)[C@H](O)c1ccccc1,5.4
CCCCC(CC)C(=O)OOC(C)(C)C,42.2
O=C1C=CC(=O)N1c1cccc(N2C(=O)C=CC2=O)c1,0.0933333333333333
O=C1c2c(Cl)c(Cl)c(Cl)c(Cl)c2C(=O)C1c1ccc2cccc(N3C(=O)c4c(Cl)c(Cl)c(Cl)c(Cl)c4C3=O)c2n1,1.04
O=C1c2ccc3c4ccc5c6c(ccc(c7ccc(c2c37)C(=O)N1c1ccc(N=Nc2ccccc2)cc1)c64)C(=O)N(c1ccc(N=Nc2ccccc2)cc1)C5=O,5.2
CC(C)CN(CC(C)C)C(=S)SSC(=S)N(CC(C)C)CC(C)C,5.0
CCNc1cc2[o+]c3cc(NCC)c(C)cc3c(-c3ccccc3C(=O)OC)c2cc1C,0.05
O=C1CCCCCN1,8.28
CO[Si](CCCNC1CCCCC1)(OC)OC,1.96666666666667
CO[Si](C)(CCCNCCN)OC,5.2
CCCCCCCC[Si](OC)(OC)OC,4.43333333333333
O=C=Nc1cccc2c(N=C=O)cccc12,0.27
COc1ccc(NC(=O)C(N=Nc2ccc(-c3ccc(N=NC(C(C)=O)C(=O)Nc4ccc(OC)cc4)c(Cl)c3)cc2Cl)C(C)=O)cc1,4.25
CCOc1ccc(NC(=O)C(N=Nc2ccc(-c3ccc(N=NC(C(C)=O)C(=O)Nc4ccc(OCC)cc4)c(Cl)c3)cc2Cl)C(C)=O)cc1,4.25
Cc1cc(O)ccc1C(C)C,1.41
CC(C)(C)C(=O)Cl,2.69
CN(C)C(=O)Nc1ccc(Cl)c(Cl)c1,5.05
CCC(COC(=O)CCS)(COC(=O)CCS)COC(=O)CCS,3.363
CCCCOC(=O)/C=C\C(=O)OCCCC,5.0
NCCCNC1CCCCC1,7.5
CCCCC(CC)COC(=O)c1ccc(C(=O)OCC(CC)CCCC)c(C(=O)OCC(CC)CCCC)c1,2.6
[OH-],5.4
CO[Si](CC(C)CC(C)(C)C)(OC)OC,11.2
CCCCOC(=O)C(C)O,5.14
CN[C@@H](C)[C@@H](O)c1ccccc1,2.0
O=C(c1ccc(F)cc1)c1ccc(F)cc1,5.05
CC(C)(C)c1cc(CCC(=O)OCCCCCCOC(=O)CCc2cc(C(C)(C)C)c(O)c(C(C)(C)C)c2)cc(C(C)(C)C)c1O,1.7
CC(O)C(=O)N(C)C,5.004
CO[Si](CCCNCCNCCN)(OC)OC,1.49
O=[N+]([O-])[O-],1.1
CN(CCCN)CCCN,0.07
CCO[Si](CC(C)CC(C)(C)C)(OCC)OCC,11.2
Nc1nc(N)nc(Nc2nc(N)nc(N)n2)n1,1.0
CCCCNS(=O)(=O)c1ccccc1,4.066
CC(C)[C@H]1CC[C@@H](C)CC1O,5.289
O=C=NCc1cccc(CN=C=O)c1,0.181
N#CCC(=O)O,1.96666666666667
CC[N+](CC)(CC(=O)Nc1c(C)cccc1C)Cc1ccccc1,0.2
C=C(C)c1cccc(C(=C)C)c1,0.54
O=c1[nH]c(=O)[nH]c(=O)[nH]1,5.1
O=C(O)CCC(CC(=O)O)(C(=O)O)P(=O)(O)O,1.979
O=P(OCCCl)(OCCCl)OCC(CCl)(CCl)COP(=O)(OCCCl)OCCCl,1.65
[O-][Cl+2]([O-])[O-],5.59
O=C=NCC1CCCC(CN=C=O)C1,0.14705
CC(c1ccccc1)c1ccccc1,1.0
CCC(C)CCCC(C)CCCC(C)C,2.19
Cc1cc(-n2nc3ccc(Cl)cc3n2)c(O)c(C(C)(C)C)c1,0.27
CCCC(C)C(=O)OCC,5.967
O=S(=O)([O-])[O-],5.0
OC1CSC(O)CS1,0.479666666666667
CCCCC(CC)CNCC(CC)CCCC,0.91
CC1(C)CC(N=C=O)CC(C)(CN=C=O)C1,0.04
CCN(CC)c1nc(Nc2ccc(/C=C/c3ccc(Nc4nc(Nc5cc(S(=O)(=O)[O-])ccc5S(=O)(=O)[O-])nc(N(CC)CC)n4)cc3S(=O)(=O)[O-])c(S(=O)(=O)[O-])c2)nc(Nc2cc(S(=O)(=O)[O-])ccc2S(=O)(=O)[O-])n1,1.8575
CCCSP(=O)(OCC)Oc1ccc(Br)cc1Cl,2.2
O=C=Nc1ccc(OP(=S)(Oc2ccc(N=C=O)cc2)Oc2ccc(N=C=O)cc2)cc1,6.159
C/C=C/c1ccc(OC)cc1,5.1
O=S(=O)([O-])c1cc(Nc2nc(Nc3ccccc3)nc(N(CCO)CCO)n2)ccc1/C=C/c1ccc(Nc2nc(Nc3ccccc3)nc(N(CCO)CCO)n2)cc1S(=O)(=O)[O-],1.8575
N#CN,1.0
CC(C)(C)C1CCC(OC(=O)Cl)CC1,0.72
CC(C)(C)c1ccc(OC(=O)c2cc(C(C)(C)C)c(O)c(C(C)(C)C)c2)c(C(C)(C)C)c1,0.5
CC(CC(C)(C)C)CC(C)(C)CC(C)(C)C,5.991
Nc1ccc(N)cc1,0.92
O=CN1CCOCC1,5.319
O=S(=O)(O)c1cc(Nc2nc(Nc3ccccc3)nc(N(CCO)CCO)n2)ccc1/C=C/c1ccc(Nc2nc(Nc3ccccc3)nc(N(CCO)CCO)n2)cc1S(=O)(=O)O,1.8575
CC1OC(=O)C(C)OC1=O,7.94
COc1ccccc1NC(=O)C(N=Nc1ccc(-c2ccc(N=NC(C(C)=O)C(=O)Nc3ccccc3OC)c(Cl)c2)cc1Cl)C(C)=O,0.23
CC(c1ccc(OC#N)cc1)c1ccc(OC#N)cc1,2.6
O=C([O-])[O-],3.0
O=[P+](Oc1ccccc1)Oc1ccccc1,6.7
OCCN1CN(CCO)CN(CCO)C1,0.369666666666667
Nc1cccc2cccc(N)c12,0.877
OCCCCC(O)CO,5.07
C1=C\CC/C=C/CC/C=C\CC/1,8.2
O=c1nc[nH]c2ccccc12,5.18
Cc1cc(C)cc(N2C(=O)c3ccc4c5ccc6c7c(ccc(c8ccc(c3c48)C2=O)c75)C(=O)N(c2cc(C)cc(C)c2)C6=O)c1,5.2
O=[Cr](=O)([O-])[O-],0.27
O=C([O-])[O-],2.3
C1=CC2CCC1C2,26.59
N=C(N)N,5.385
CC(O)C(=O)O,7.94
CN[C@@H](C)[C@H](O)c1ccccc1,5.2
O=[N+]([O-])O,9.063
COC(=O)c1c(Cl)c(Cl)c(Cl)c(Cl)c1C#N,1.04
CCO[Si](CCCNCCN)(OCC)OCC,1.14
CCCCOCCOCCOCc1cc2c(cc1CCC)OCO2,5.2
NCCc1ccc(O)cc1,5.0
O=C=NC1CCC(CC2CCC(N=C=O)CC2)CC1,0.440333333333333
CC(C)=CCCC(C)CC#N,4.9
Cc1cc(N/N=C2\C(=O)C=Cc3ccccc32)c(S(=O)(=O)[O-])cc1Cl,5.24
CC(C)(C)CC(C)(C)N(c1ccccc1)c1cccc2ccccc12,0.4
COC(=N)N,2.133
CC(=O)C(N=Nc1cc(C(=O)Nc2cc(Cl)ccc2C)ccc1Cl)C(=O)Nc1cc(C)c(NC(=O)C(N=Nc2cc(C(=O)Nc3cc(Cl)ccc3C)ccc2Cl)C(C)=O)cc1C,1.7
Cc1ccc(N/N=C2\C(=O)C(C(=O)[O-])=Cc3ccccc32)c(S(=O)(=O)[O-])c1,4.76
COC(=O)c1c(Cl)c(Cl)c(Cl)c(Cl)c1C#N,1.04
CC1(C)CNCC(C)(C)C1OC(=O)CCCCCCCCC(=O)OC1C(C)(C)CNCC1(C)C,0.5
COCCC(=O)N(C)C,5.0
CCCCCC(CCC)COC(=O)c1ccccc1C(=O)OCC(CCC)CCCCC,12.75
O=S(=O)([O-])c1cc(Cl)c(Cl)cc1Cl,5.15
CCCC(O)CO,7.015
CCCCCCCC(=O)OCC(COC(=O)CCCCCCC)OC(=O)CCCCCCC,1.86
CCCCC(CC)CNS(=O)(=O)c1ccc(N)cc1,1.16
CC1(C)CC(N=C=O)CC(C)(CN=C=O)C1,4.2125
CC(C)N(C(=O)CO)c1ccc(F)cc1,6.8
COc1ccc(N(C)N=CC2=[N+](C)c3ccccc3C2(C)C)cc1,0.076
O=CC=O,2.44
C[Si]1(C)O[Si](C)(C)O[Si](C)(C)O[Si](C)(C)O[Si](C)(C)O1,8.67
O=C1CCCCCN1C(=O)Nc1ccc(Cc2ccc(NC(=O)N3CCCCCC3=O)cc2)cc1,5.0
Cc1nc(N)nc(N)n1,2.031
CC(=O)[O-],1.1
CC(=O)[O-],4.5
CCCCCCCCCCCCCCCC,5.266
CCCCOCCOC(=O)c1ccccc1,5.39
CC(=O)C(N=Nc1ccc(-c2ccc(N=NC(C(C)=O)C(=O)Nc3ccccc3C)c(Cl)c2)cc1Cl)C(=O)Nc1ccccc1C,4.25
O=C(O)c1ccc2c(c1)C(=O)OC2=O,2.33
CN1C(=O)c2ccc3c4ccc5c6c(ccc(c7ccc(c2c37)C1=O)c64)C(=O)N(C)C5=O,0.41
CC(=O)OOC(C)(C)C,6.1
O=C([O-])[O-],2.0
CCCCNC(=O)OCC#CI,6.89
OC[P+](CO)(CO)CO,0.517
C[Si]1(C)O[Si](C)(C)O[Si](C)(C)O[Si](C)(C)O1,36.0
COc1cc(NC(=O)C(N=Nc2ccc(-c3ccc(N=NC(C(C)=O)C(=O)Nc4cc(OC)c(Cl)cc4OC)c(Cl)c3)cc2Cl)C(C)=O)c(OC)cc1Cl,0.23
CC(=O)C(N=Nc1cc(C(=O)Nc2cccc(Cl)c2C)ccc1Cl)C(=O)Nc1cc(Cl)c(NC(=O)C(N=Nc2cc(C(=O)Nc3cccc(Cl)c3C)ccc2Cl)C(C)=O)cc1C,1.7
Cn1sc(Cl)cc1=O,1.345
NCCCNCCCN,0.0333333333333333
C[N+](C)(C)Cc1ccccc1,1.14
CCO[Si](CCCSSCCC[Si](OCC)(OCC)OCC)(OCC)OCC,7.967
O=C(O)CCS,1.818
Cn1c(=O)c2c(ncn2C)n(C)c1=O,4.94
Cn1c(=O)c2[nH]cnc2n(C)c1=O,6.7
C=C(C)C(=O)OC(C)(C)C,10.17
C=CCOC(Cn1ccnc1)c1ccc(Cl)cc1Cl,0.66
O=C([O-])[O-],5.2185
O=C=Nc1ccc(Cc2ccccc2N=C=O)cc1,0.516515
Cc1cc(O)ccc1Cl,2.91033333333333
CCCCCCCCCCCCCCCCCC,5.991
N=C(N)N,9.063
O=P(Cl)(Cl)Cl,0.303
Nc1cccc(N)c1,3.2
CNC(N)=O,5.7
O=C([O-])[O-],5.35
Nc1ccc(N=Nc2ccccc2)cc1,2.8
Nc1cccc(Cl)c1Cl,8.047
Nc1ncn[nH]1,0.439
ClCc1ccccc1Cl,2.8
C1=CC(c2ccc(C3CC=CCC3)cc2)CCC1,4.7
C=Cc1ccc(O)c(C=C)c1,4.92
O=[N+]([O-])c1cc(Cl)cc(Cl)c1,0.3
CC(=O)[O-],5.6
CCCCCCC(C)OC(=O)CCCCC(=O)OC(C)CCCCCC,5.7
NC(N)=S,0.195
C=CCCCCCCCCCC,4.8
CC(O)C[N+](C)(C)C,7.5
CCON,171.435
O=C1C=Cc2cc(S(=O)(=O)[O-])ccc2/C1=N\Nc1ccc(N=Nc2ccc(Nc3ccccc3)c(S(=O)(=O)[O-])c2)c2ccccc12,5.2
O=COCCOC=O,5.05
CCCCCCCCCCCCCCC,5.991
CCCCCCCCCCCCCCCCC,5.991
CSCCC(N)C(=O)O,5.25
CC(=O)C(N=Nc1ccc(-c2ccc(N=NC(C(C)=O)C(=O)Nc3ccccc3)c(Cl)c2)cc1Cl)C(=O)Nc1ccccc1,4.25
Clc1nc(Cl)nc(Cl)n1,0.173666666666667
CCCCC(Cc1cc(C(C)(C)C)c(O)c(C(C)(C)C)c1)(C(=O)OC1CC(C)(C)N(C)C(C)(C)C1)C(=O)OC1CC(C)(C)N(C)C(C)(C)C1,0.46
Cc1ccc(N2C(=O)C=CC2=O)cc1N1C(=O)C=CC1=O,0.0786666666666667
Nc1ccc(N=Nc2ccc(N=Nc3c(S(=O)(=O)[O-])cc4c(c3N)C(=O)/C(=N\Nc3ccc(N=Nc5ccc(N)cc5N)cc3)C(S(=O)(=O)[O-])=C4)cc2)c(N)c1,5.0
CC1(C)CC2(CC(C)(C)N1)OC1(CCCCCCCCCCC1)NC2=O,1.67
CN1CCCC1c1cccnc1,4.42
COc1cc(-c2ccc(N=NC(C(C)=O)C(=O)Nc3ccccc3)c(OC)c2)ccc1N=NC(C(C)=O)C(=O)Nc1ccccc1,4.25
CC1=NN(c2cccc(S(=O)(=O)[O-])c2)C(=O)C1N=Nc1cc(Cl)c(Cl)cc1S(=O)(=O)[O-],5.5
O=P([O-])([O-])[O-],7.69
Cc1ccc(S(=O)(=O)[O-])cc1,6.41
Clc1ccc(CNC2CCCC2)cc1,1.7365
Nc1nc(N)nc(N)n1,5.19
O=C([O-])CCC(CC(=O)O)(C(=O)[O-])P(=O)([O-])[O-],1.979
CC(C)(C)c1cc(CCC(=O)OCC(COC(=O)CCc2cc(C(C)(C)C)c(O)c(C(C)(C)C)c2)(COC(=O)CCc2cc(C(C)(C)C)c(O)c(C(C)(C)C)c2)COC(=O)CCc2cc(C(C)(C)C)c(O)c(C(C)(C)C)c2)cc(C(C)(C)C)c1O,1.951
O=C1c2ccc3c4ccc5c6c(ccc(c7ccc(c2c37)C(=O)N1CCc1ccccc1)c64)C(=O)N(CCc1ccccc1)C5=O,5.2
C=C1CC(=O)O1,0.922666666666667
C=CCOC(=O)COCCC(C)C,0.463333333333333
O=S(=O)([O-])c1cccc(N=Nc2ccc(N=Nc3ccc(N(CCO)CCO)cc3)c3ccccc23)c1,0.63
CCCCCCCOCC(COCCCCCCC)(COCCCCCCC)COCCCCCCC,4.06
CC(O)CN(CC(C)O)c1nc(Nc2ccc(S(=O)(=O)[O-])cc2)nc(Nc2ccc(/C=C/c3ccc(Nc4nc(Nc5ccc(S(=O)(=O)[O-])cc5)nc(N(CC(C)O)CC(C)O)n4)cc3S(=O)(=O)[O-])c(S(=O)(=O)[O-])c2)n1,1.8575
CCc1cc(N/N=C2/C(=O)C=Cc3ccccc32)c(S(=O)(=O)[O-])cc1Cl,5.24
O=C(O)CS,1.48766666666667
O=c1[nH]c(=O)[nH]c(=O)[nH]1,5.25
C=CCCCCCCCC,4.8
CC1(C)[C@@H](/C=C(\Cl)C(F)(F)F)[C@H]1C(=O)O,1.1
Cc1ccc(N(C)N=CC2=[N+](C)c3ccccc3C2(C)C)cc1,0.382
Cc1ccc(C(=O)OCCCl)cc1N/N=C1/C(=O)C(C(=O)Nc2cc(C)c(NC(=O)C3=Cc4ccccc4/C(=N/Nc4c(C)cccc4C(=O)OCCCl)C3=O)cc2C)=Cc2ccccc21,1.7
CCCCCCCCCCCCCC[N+](C)(C)CCCCCCCCCCCCCC,0.25
CCCCCCCCCCCCCC[N+](C)(C)Cc1ccccc1,0.25
OCC#CCO,5.47
CCCCCCCCCC(=O)O,4.06
CCCCC(CC)C(=O)OCC(COCC(COC(=O)CCCCCC(C)C)(COC(=O)C(CC)CCCC)COC(=O)C(CC)CCCC)(COC(=O)CCCCCC(C)C)COC(=O)CCCCCC(C)C,5.1
COC(=O)c1ccc(C(=O)OC)c(N=NC(C(C)=O)C(=O)Nc2ccc(NC(=O)C(N=Nc3cc(C(=O)OC)ccc3C(=O)OC)C(C)=O)cc2)c1,1.7
OC1CCCCC1,3.6
CCCCCCCCCC(=O)O,101.458
CC1CC(CC2CCC(N)C(C)C2)CCC1N,0.42
Cc1cc(CC(C)CC(C)(C)C)n(O)c(=O)c1,4.9
CC(C)(c1ccc(O)cc1)c1ccc(O)cc1,4.9
C=CCCCCCCCCC(=O)OCC,5.15
CC(C)C1CCCCC1,5.04
Cc1cc(O)c(C)c(C)c1O,1.46666666666667
CC1(C)CC(=O)CC(C)(C#N)C1,1.31333333333333
CC(C)(C)c1cc(CCC(=O)OCCNC(=O)C(=O)NCCOC(=O)CCc2cc(C(C)(C)C)c(O)c(C(C)(C)C)c2)cc(C(C)(C)C)c1O,5.01
CN(c1ccc2c(c1)C=C(S(=O)(=O)[O-])/C(=N/Nc1ccc3c(S(=O)(=O)[O-])cccc3c1S(=O)(=O)[O-])C2=O)c1nc(N)nc(Cl)n1,5.0
CCCCCl,7.74
CCCCCCCCC(=O)O,4.06
O=S(=O)([O-])c1cc([O-])c(N=Nc2ccc3cccc(S(=O)(=O)[O-])c3c2[O-])c2ccccc12,2.8
CC(C)(C)c1ccc2oc(-c3ccc(-c4nc5cc(C(C)(C)C)ccc5o4)s3)nc2c1,1.82
CC(O)C(=O)[O-],7.94
CC(C)C(N)C(=O)O,5.26
Cc1cc2c(cc1NNC1C(=O)NC(=O)NC1=O)=NC(=O)N=2,2.119
Cc1c(Nc2cc(S(=O)(=O)[O-])c(N)c3c2C(=O)c2ccccc2C3=O)cc(S(=O)(=O)[O-])cc1Nc1nc(F)nc(F)c1Cl,5.093
CCN(c1ccccc1)c1nc(Cl)nc(Nc2cc(S(=O)(=O)[O-])cc3c2C(=O)/C(=N/Nc2ccccc2S(=O)(=O)[O-])C(S(=O)(=O)[O-])=C3)n1,1.5
NC(Cc1c[nH]c2ccccc12)C(=O)O,5.17
CC[C@H](C)[C@H](N)C(=O)O,5.41
C[O-],2.1
NCCCOCCCCOCCCN,1.5
O=P([O-])([O-])OP(=O)([O-])[O-],1.1
CCN(CC)c1ccc2nc3ccc(N(CC)CC)cc3[o+]c2c1,0.51
CCCCC(CC)C(=O)OCC(COC(=O)C(CC)CCCC)OC(=O)C(CC)CCCC,1.86
O=C[O-],2.51
BrCBr,0.0223
O=C(O)/C=C/C(=O)O,1.306
CCOC(=O)C(C)CC,5.967
O=S(=O)([O-])[O-],2.0
N#CCCC#N,2.67
CC(C)(C)OO,1.85
CC(C)(C)C(=O)O,5.3
O=P([O-])([O-])O,0.83
COP(C)(=O)OC,2.589
O=C(CCS)OCC(COC(=O)CCS)(COC(=O)CCS)COC(=O)CCS,3.363
OCC1OC2OC3C(CO)OC(OC4C(CO)OC(OC5C(CO)OC(OC6C(CO)OC(OC7C(CO)OC(OC8C(CO)OC(OC1C(O)C2O)C(O)C8O)C(O)C7O)C(O)C6O)C(O)C5O)C(O)C4O)C(O)C3O,4.9
Cc1cc(S(=O)(=O)[O-])c(N/N=C2/C(=O)C(C(=O)[O-])=Cc3ccccc32)cc1Cl,4.76
ClP(Cl)(Cl)(Cl)Cl,0.205
OCCCCO,15.0
Cn1c(N)c(NC=O)c(=O)n(C)c1=O,5.4
CC12CCC(CC1=O)C2(C)C,10.0
CCCCC(CC)C(=O)Cl,1.24333333333333
C=C(C)C(=O)OC(=O)C(=C)C,2.081
O=P([O-])([O-])[O-],0.83
CNC(=O)/C(C#N)=c1\[nH]c(=C2C(=O)NC(=O)NC2=O)c2ccccc12,5.42
O=[Si]=O,5.01
O=[Mo](=O)([O-])[O-],5.1
O=S(=O)(O)O,0.375
O=[N+]([O-])O,2.65
OCC#CCO,0.69
Cc1cc(Cc2cc(C)cc(C3(C)CCCCC3)c2O)c(O)c(C2(C)CCCCC2)c1,3.18
CC(O)COc1ccccc1,5.4
O=P([O-])([O-])OP(=O)([O-])[O-],0.58
O=S(=O)([O-])OOS(=O)(=O)[O-],2.95
CCC12COCN1COC2,3.1
O=[N+]([O-])[O-],0.527
O=S([O-])[O-],9.625
O=P([O-])([O-])O,2.6
O=P([O-])([O-])[O-],2.6
O=P([O-])([O-])O,2.6
CCCCCCC(=O)O,4.6
O=P([O-])([O-])O,0.83
O=P([O-])([O-])OP(=O)([O-])[O-],0.58
O=P([O-])(O)O,2.6
O=P([O-])([O-])[O-],2.6
O=[N+]([O-])[O-],0.00075
O=B[O-],2.04
O=S(=O)([O-])OOS(=O)(=O)[O-],5.1
O=S(=O)([O-])[O-],3.26
O=[As](O)(O)O,0.995666666666667
O=C(O)CCSCCC(=O)O,5.13
O=[Cr](=O)([O-])O[Cr](=O)(=O)[O-],0.092
O=P([O-])([O-])[O-],0.83
O=[Mo](=O)(O)O,3.92
O=P([O-])([O-])O,5.0
O=P([O-])([O-])[O-],5.1
O=S(=O)([O-])[O-],4.45
O=S(=O)([O-])[O-],2.48
CN(C)CCCCCCN(C)C,0.41
O=[Cr](=O)([O-])[O-],0.27
O=[Mo](=O)([O-])[O-],5.1
O=[N+]([O-])[O-],5.93
CCO[Si](OCC)(OCC)OCC,13.4
CCOP(=O)(OCC)OCC,8.817
CCCCOCCOP(=O)(OCCOCCCC)OCCOCCCC,6.4
CC(O)CN,3.46
O=CCCCC=O,0.303333333333333
CC(=O)C=O,13.6
O=[V](=O)O,2.51666666666667
O=C([O-])c1ccccc1C(=O)O[O-],1.72
O=C(O)CCl,1.268
O=C(O)CO,4.4
CC(=O)OO,1.17075
C[C@H](O)C(=O)O,7.94
CC(=O)C(N=Nc1cc(C(=O)Nc2cc(C(F)(F)F)ccc2Oc2ccc(Cl)cc2)ccc1Cl)C(=O)Nc1cc(Cl)c(NC(=O)C(N=Nc2cc(C(=O)Nc3cc(C(F)(F)F)ccc3Oc3ccc(Cl)cc3)ccc2Cl)C(C)=O)cc1C,1.7
CCCC(C)C1OCC(C)(CCC)CO1,0.75
CC(=O)c1c(C)c([N+](=O)[O-])c(C(C)(C)C)c([N+](=O)[O-])c1C,2.99
C=CCCCCCCCCC(=O)OC,3.76
O=C1NC(=O)c2ccc3c4ccc5c6c(ccc(c7ccc1c2c73)c64)C(=O)NC5=O,0.41
O=c1c2ccccc2c(=O)c2c1ccc1[nH]c3c(ccc4c(=O)c5ccccc5c(=O)c43)[nH]c12,5.5
CC(O)C(=O)[O-],7.94
CCNc1nc(NC(C)C)nc(SC)n1,2.22
O=C(Nc1ccc(S(=O)(=O)[O-])c2c1C(=O)/C(=N/Nc1ccc3c(CNc4nc(F)nc(F)c4Cl)cccc3c1S(=O)(=O)[O-])C(S(=O)(=O)[O-])=C2)c1ccccc1,1.933
COC(=O)c1ccc2cc(C(=O)OC)ccc2c1,2.15
O=C1NC(c2ccc(Cl)cc2)=C2C(=O)NC(c3ccc(Cl)cc3)=C12,2.25
O=C1OC(=O)c2ccccc21,2.14
C=C(Br)C(=O)Nc1ccc(N=Nc2c(N)ccc3cc(S(=O)(=O)[O-])ccc23)c(S(=O)(=O)c2ccc(C)c(S(=O)(=O)[O-])c2)c1,0.42
C[C@H](O)C(=O)[O-],7.94
CCCCCCCCN,1.6
O=c1n(Cl)c(=O)n(Cl)c(=O)n1Cl,5.25
CN1CCCC1=O,5.1
O=Cc1ccncc1,5.14
CC1CC(=O)CC(C)(C)C1,14.2
C=CN1CCCC1=O,3.08666666666667
Clc1ccccc1C(Cl)Cl,7.3
NC(=O)c1ccccc1N,5.4
Nc1ccccc1[N+](=O)[O-],2.529
O=C(O)c1ccccc1C(=O)O,5.058
CC(C)[C@@H]1CC[C@@H](C)C[C@H]1O,5.289
NC(=O)[O-],4.74
COc1ccccc1N,3.87
CC(=O)OC(c1ccccc1)C(Cl)(Cl)Cl,5.0
Oc1ccccc1-c1ccccc1,0.949
CN[C@@H](C)[C@@H](O)c1ccccc1,2.0
c1ccc(Nc2ccccc2)cc1,5.0
CCCCCCCCCCCC(=O)OCCOCC(OCCO)C1OCC(OCCO)C1OCCO,5.1
CCOC(=O)c1ccccc1S(=O)(=O)NC(=O)Nc1nc(Cl)cc(OC)n1,5.18
c1ccc2c(c1)CCNC2,1.92733333333333
CCOc1ccc2c(c1)C(C)=CC(C)(C)N2,1.97
Nc1nc(N)nc(-c2ccccc2)n1,2.932
O=[W](=O)([O-])[O-],5.35
Cc1cc(-c2ccc(N=C=O)c(C)c2)ccc1N=C=O,1.59
CC(O)S(=O)(=O)[O-],5.8
CC(C)(C)OOC(=O)C(C)(C)C,7.05333333333333
CCCC[NH+](C)C,2.0
C=CCc1ccc(OC)c(OC)c1,4.8
COc1ccc(CC#N)cc1OC,5.5
O=C1OCC(CO)O1,5.6
CCCCCCCCCCOC(=O)C(CC)CCCC,10.55
C/C(=C\C#N)CCc1ccccc1,5.31
CCCCC(CC)C(=O)OCCOCCOCCOC(=O)C(CC)CCCC,2.0
O=[N+]([O-])[O-],4.5
O=C1C=CC(=O)N1c1ccccc1,0.034
CCCCC(CC)C[O-],0.89
CCCCNP(N)(N)=S,2.16666666666667
O=C(c1ccccc1)C1(O)CCCCC1,1.0
c1ccc2scnc2c1,5.0
Nc1ccc(Cl)c(Cl)c1,0.631
O=C(CO)CO,5.0
OCC(O)CS,1.275
O=C1CCCO1,5.1
O=Cc1ccco1,0.54
FC(F)(F)c1cccc(Cl)c1,0.0236
FC(F)(F)c1ccc(Cl)cc1,32.03
CC1COc2ccccc2N1C(=O)C(Cl)Cl,2.0
Cc1ccc([N+](=O)[O-])cc1,0.851
CCCCCCCCSc1nc(Nc2cc(C(C)(C)C)c(O)c(C(C)(C)C)c2)nc(SCCCCCCCC)n1,1.0
CCCCCC(C)OC(=O)COc1ccc(Cl)c2cccnc12,0.935
O=BOO,1.165
CO[Si](CC(C)C)(OC)C(C)C,4.0
CCCCCCC(O)CO,7.015
COC(=O)CCCC(=O)OC,11.0
CCCCCCCCCCCCO,71.0
CCCCCCCCCCCCCCCCCCCC,5.991
O=Cc1ccccn1,1.18666666666667
CCCCC(CC)CN1C(=O)C2C3C=CC(C3)C2C1=O,1.95333333333333
OB(O)O,2.03
OCC(CO)(CO)CO,5.15
CCCCCCCCCCCCCCCCCC(=O)OCC(COC(=O)CCCCCCCCCCCCCCCCC)(COC(=O)CCCCCCCCCCCCCCCCC)COC(=O)CCCCCCCCCCCCCCCCC,5.1
O=c1[nH]c2ccccc2c(=O)o1,5.3
O=C1C(Cl)=C(Cl)C(=O)C(Cl)=C1Cl,2.485
Oc1c(Br)cc(Br)cc1Br,50.0
Cc1c([N+](=O)[O-])cc([N+](=O)[O-])cc1[N+](=O)[O-],1.01
COC(=O)c1ccccc1O,0.9
COc1ccc(CCN)cc1OC,5.5
Oc1ccc(Cl)cc1Cc1ccccc1,2.51
CN1CCCC1,4.5
[O-][Cl+][O-],0.043
O=S(=O)([O-])[O-],3.26
[O-]B([O-])[O-],2.04
S=S=[Ni][Ni][Ni],1.138
O=[Sn]([O-])[O-],4.35
O=C(Cl)c1ccc2c(c1)C(=O)OC2=O,2.33
c1ccc(OP(Oc2ccccc2)Oc2ccccc2)cc1,6.7
[C-]#[W],5.3
Cc1ccc([N+](=O)[O-])cc1Cl,0.528
O=C(O)c1cccc(C(=O)O)c1,11.37
[NH4+],0.1
[SiH2]=[Mo]=[SiH2],1.93
S=[W]=S,5.25
O=C(NC(=O)c1c(F)cccc1F)Nc1cc(Cl)c(OC(F)(F)C(F)C(F)(F)F)c(Cl)c1F,5.24
COP(=S)(OC)Oc1ccc([N+](=O)[O-])c(C)c1,2.21
[N-]=[N+]=O,500000.0
C=CC=O,16.75
FC(F)CC(F)(F)F,116000.0
CC[Si](CC)CC,1774.0
CCOCC1CCCO1,13.7
[C-]#[O+],1300.0
CCl,21.8
CN,2.1
CS,675.0
CCCl,19000.0
CCN,10.1666666666667
C1CO1,1500.0
COC,164000.0
O=C(Cl)Cl,0.086925
FC(F)F,663000.0
FC(F)(F)F,50000.0
FC(F)(F)C(F)(F)F,500000.0
FF,185.0
ClCl,2.263
FN(F)F,5312.5
C[Si](C)C,1774.0
FC(F)=C(F)F,28500.0
FC(F)=C(F)C(F)(F)F,3060.0
FC(F)=C(F)OC(F)(F)F,10000.0
CN(C)S(=O)(=O)Cl,1.09433333333333
O=C(OC1CCCCC1)c1ccccc1O,0.3
O=C(Cl)C(F)(F)F,78.0
FC(C(F)(F)F)C(F)(F)F,788696.0
NCc1ccccc1,0.525
COc1ccccc1,6.51
C=C(C)C(=O)OC1CCCCC1,55.0
N12[Si]34N5[Si]16N3[Si]25N46,5.07
O=S(=O)(O)O,5.05
O=S(=O)([O-])[O-],5.05
CCN(CC)CC,3496.0
C[c-]1cccc1,0.1615
O=S(=O)([O-])[O-],5.05
CCCC(C)C=O,8.4
CCC=O,4.6
CC(=O)CC(C)=O,1224.0
CCCC=O,5.46
CCCCN(CCCC)CCCC,0.5
C1CCNC1,11.6666666666667
CC1=NNC(=O)N(/N=C/c2cccnc2)C1,1.8
CCCCCCCCCC,6.1
CS(=O)(=O)Cl,19.3705666666667
C=C[Si](C)(Cl)Cl,2021.0
CCCCC(CC)COP(=O)(Oc1ccccc1)Oc1ccccc1,2.1
CCCCCCCCCCCCCCCCCC(=O)O[Pb]O[Pb]O[Pb]OC(=O)CCCCCCCCCCCCCCCCC,5.05
CC(=O)[O-],6.95
CC(=O)[O-],5.81
CCCCCC[C@@H](O)C/C=C\CCCCCCCC(=O)[O-],5.7
O=C=Nc1ccccc1,0.022
O=[Zn],5.7
O1[Pb]O[Pb]2O[Pb]1O2,5.05
O=[Pb],5.05
COC(C(F)(F)F)C(F)(F)F,12434.41
CC(CC(C)(C)C)CC(C)(C)C,4.951
O[Si](O)(O)O,5.7
CCCCC(CC)CN,1.548
CC(CCl)OP(=O)(OC(C)CCl)OC(C)CCl,7.0
FC(C(F)C(F)(F)C(F)(F)F)C(F)(F)F,114.428
[SiH3]N([SiH3])[SiH3],99.0
CC(C)C(C)(N)C#N,24.56
CCC(C)N,11.2
C=CC(=O)OCC,19.35
CCOC(=S)[S-],7.69
C=CC(=O)OCCCC,10.5
NCCO,1.3
CCC[Si](Cl)(Cl)Cl,1352.0
O=Cc1ccc(Cl)cc1,0.2855
CCCC(=O)Cl,3.6
C1=CCCC1,22.9
CC(=O)[O-],5.04
CCCCCCC,51.395
CCCCOCCCC,21.6
C=C(Cl)CN=C=S,0.152
CCCCOCCOCCOCCO,2.4
O=C(O)CC(O)(CC(=O)O)C(=O)O,0.005
Cc1ccn[nH]1,28.0
C1CN1,0.1
CCc1ccc(C)nc1,2.67
C=C(Br)C(F)(F)F,11726.0
O=[N+]([O-])c1cc([N+](=O)[O-])c([O-])c([N+](=O)[O-])c1[O-],5.05
CO[Si](CCCN=C=O)(OC)OC,15.0
Cl/C=C/Cl,24100.0
C=CC(C#N)OC(C)=O,7.86666666666667
CCOCC(C)O,9.59
SC1CCCCC1,5.6
O=C(Cl)CCCCCl,0.32
O=S(=O)([O-])c1ccc(N=Nc2c([O-])ccc3cc(S(=O)(=O)[O-])ccc23)cc1,1705.881
CCO[Si](CC[Si](OCC)(OCC)OCC)(OCC)OCC,26.0
COc1ccc(C)cc1,6.1
CC(C)(C)N=C=O,1.593
CCCCOC(=O)CCS,216.055
C/C=C1\CC2C=CC1C2,2866.0
FC(F)=C(F)OC(F)(F)C(F)(F)C(F)(F)F,58.7
COC(C)(C)C,85.0
CCOP(OCC)c1ccccc1,0.32
C=CC(=O)OC(C)(C)C,7.02
Cc1ccc(S(C)(=O)=O)cc1[N+](=O)[O-],5.41
C=C[Si](C)(OC)OC,5.0
CO[Si](C)OC,4.6
CCC1=NCCO1,327.75
CN(C)CCOCCO,70.0
C1=CCOC1,6.0
COC(=O)C(C)O,5.4
CSCCC(O)C#N,0.651
CC(=O)C(O)c1ccccc1,0.25
C=CC(F)(F)C(F)(F)C(F)(F)C(F)(F)C(F)(F)C(F)(F)C=C,1761.0
CO[Si](CC(C)C)(OC)OC,1525.0
CO[Si](CC[Si](OC)(OC)OC)(OC)OC,2.4
C[Si](O[Si](C)(C)C)O[Si](C)(C)C,22.6
N#Cc1c(F)cccc1F,2.64
FC(F)=C(F)OC(F)(F)C(F)(F)F,21000.0
C#CC(C)O,0.53
CCO[Si](C)OCC,2378.7
O=C1c2c(Cl)c(Cl)c(Cl)c(Cl)c2C2=Nc3cccc4cccc(c34)N12,2.868
C=CC(=O)OCCCCCCCCCCCC,0.69
C=COC1CCCCC1,22.007
Cc1ccccc1OCC1CO1,6.1
C=CN1CCCCCC1=O,1.6
CC(N)CCc1ccccc1,5.0
C=C(C)[C@H]1CC=C(C)C(=O)C1,5.66
O=C(CCS)OCCOC(=O)CCS,216.055
C=COC(=O)CC,10.2
CO[Si](C)(CC(C)CNCCN)OC,0.6
FC(F)(F)OC(F)(Cl)C(F)(F)Cl,21.98
CC[O-],60000.0
CC/C(C)=C/CCC(C)=O,10.47
Nc1c(Cl)cc(C(F)(F)F)cc1Cl,1.8
C=C(Cl)C(Cl)CCl,0.624
C=CC(=O)OCCN(C)C,0.223333333333333
CCCCC(CC)COC(=O)Cl,0.26
CCO[Si](CCCN=C=O)(OCC)OCC,10.5
CO[Si](OC)OC,61.0
ClSSCl,2.5
COC(=O)CC(C)=O,16.5
C=CCC,10000.0
C/C=C/CCC,8050.0
CCCCCCC(=O)Cl,0.4
CCC(C)OC(=S)S,7.69
CC(O)COC(C)CO,0.17
C/C=C/CCCCCCC,8050.0
CCCCCCC(C)(C)S,7.04
C=CCCC,19.6
CC/C=C/CCCC,8050.0
C=C[Si]1(C)O[Si](C)(C=C)O[Si](C)(C=C)O[Si](C)(C=C)O1,1.32
CN(C(=S)SSC(=S)N(C)c1ccccc1)c1ccccc1,5.064
CC/C=C\C#N,850.0
C=C[Si](C)(C)O[Si](C)(C)C=C,246.0
Cc1ccc(N=C=O)cc1N=C=O,66.0
CCCCCCCCn1sccc1=O,0.27
CCCCCC(C)C,33.52
CC(C)(C)c1ccc(O[P@]2OCC3(CO[P@@](Oc4ccc(C(C)(C)C)cc4C(C)(C)C)OC3)CO2)c(C(C)(C)C)c1,2.0
CC(C)(C)CCCCCC(=O)OOC(C)(C)C,48.225
CC(C)(C)CCCCCC(=O)OOC(C)(C)c1ccccc1,20.4
CCN1CCCC1=O,5.1
CCC(C)(CCC(C)C)C(=O)O,3.0
Clc1ccc(Cl)cc1,5.07
C=CCCCCCCCCCCCCCC,8050.0
C=CCCCCCCCCCCCCCCCC,8050.0
CC(C)Cc1cc2ccccc2c(S(=O)(=O)[O-])c1CC(C)C,0.9365
C/C=C/CCCCCC,8050.0
C=C[Si](OC)(OC)OC,2773.0
COC(=O)[C@H](C)O,5.4
c1cn[nH]c1,0.37
O=C=Nc1cccc(Cl)c1,0.0463333333333333
C#CC(C)(O)CCC=C(C)C,1.0
COC(=O)CCS,1.81
C=CC(=O)OCC(C)C,10.5
CCCCCCCC[Si](OCC)(OCC)OCC,22.0
CCN(CC)CC#N,62.0
NN,570.0
CN(C)CCN(C)CCN(C)C,290.0
CN(C)CCOCCN(C)C,2.204
C=CC1CC2C=CC1C2,2374.5
FC(F)(F)C(Cl)Cl,28000.0
C=C(C)C(=O)OCCN=C=O,8.794
CCCC[O-],24.3
C=CSC(C)O,1.14
CCCBr,35.0
C=CC(=O)OCCOC,2.7
CN(C)CCCO,0.09
Nc1ccccc1,0.4635
CC1OC1C,5.2
C[Si](C)O[Si](C)C,5.8
O=C=Nc1cccc(C(F)(F)F)c1,0.087
CC(C)COC(C)(C)C,68.2666666666667
O=C=Nc1ccccc1Cl,0.047
C[Si](Cl)(Cl)CC[Si](C)(Cl)Cl,1257.0
CCC(C)(C)OO,2.425
C=CCBr,2.41
O=C1CCCN1CCO,0.008
CCCCN1CCCC1=O,5.1
O=C=Nc1ccc(OC(F)(F)F)cc1,0.0225
C=C(C)C(=O)OCC(F)(F)F,4.945
CCC(C)NCCO,0.76
CC(CC(=O)Cl)CC(C)(C)C,0.24
FC(F)(I)C(F)(F)C(F)(F)C(F)(F)I,630.5
CCCCCCCCCCCCCCCCCCO[P@]1OCC2(CO[P@@](OCCCCCCCCCCCCCCCCCC)OC2)CO1,2.0
C=COCCCCOC=C,6.3
CC(C)(C)CCCCCC(=O)Cl,0.4
C=CCC,10000.0
CC(CC#N)N1CC1,0.54
C#CCN(CC)CC,2.1
Cl[SiH2]Cl,314.0
C/C=C\C=O,928.0
OCC(F)(F)C(F)(F)F,23.94
COC1CCC=CO1,6.1
C1=CC2C3CCC(C3)C2C1,212.907666666667
CC(C#N)CCC#N,0.66
O=C(CCl)c1ccc(F)cc1,0.043
Fc1ccc(Br)cc1,18.0
C[Si](C)Cl,4478.0
CCOCOCC,6643.0
O=C(Cl)CCCCl,0.65
COC(OC)[NH+](C)C,12.16
CC1(C)[C@H]2CC[C@@]1(C)C(=O)C2,0.5
CC1=CC(C)(C)CC(=O)C1,7.0
CNC(C)C,8.53
C=O,463.0
C1CCOCOC1,20.8
CC1(C)C2CCC1(C)C(O)C2,0.5
C=COC(=O)CCCCCC(C)(C)C,2.6
C[Si](C)(C)[O-],3151.0
O=C(CCl)c1ccc(F)cc1F,0.043
CCOCCOC(C)(C)C,10.5
FC(F)(F)c1ccc(Cl)nc1,19.0
Cc1ccc(N/N=C2\C(=O)C(C(=O)[O-])=Cc3ccccc32)c(S(=O)(=O)[O-])c1,1.51
Cc1ccco1,852.9
CCCOC(=O)[C@H](C)O,5.4
CCCCl,6.54
CC(C)CC(C)(C)C,33.52
CCOC(=O)Cl,0.865
Clc1cccc(Cl)c1,17.6
CCC[Si](OC)(OC)OC,22.2
CC(=O)[O-],5.05
CCOCC(C)OC(C)=O,6.99
CCCCCCCC[N+](C)(C)CCCCCCCC,10.0
CC(C)[O-],10000.0
CN=C=S,1.9
CCC(=O)[O-],5.7
CC(=O)[O-],6.49
ClC(Cl)(Cl)Cl,7228.0
COC1CCCC1,21.5
CC(=O)C(C)C,6372.66666666667
Cl[Si](Cl)Cl,1.5
C/C=C/C,10000.0
CC(C)C(=O)C(C)C,2765.0
O=C1CCO1,25.0
CCCCOC(=O)CC,23.78
CC(C)CC=O,42.7
Cc1cncc(C)c1,1.16
C=CCCCC,8050.0
CCN(C)C,2.3
C=C(C)[C@@H]1CC=C(C)CC1,2421.0
CNN,96.6
CCCCCCOC(=O)Cl,1.17
ClCCCl,7.758
COC(=O)OC,5.36
C[Si]1O[Si](C)O[Si](C)O[Si](C)O[Si](C)O1,4.9
Cc1cccc(N=C=O)c1,0.0315
O=S([O-])[O-],5.05
CCC/C(C)=N\O,295.0
C#CCCl,4.44
CSSC,1310.0
O=C(Cl)CCCl,0.9
CC(NC(=O)Cl)C1CCCCC1,0.88
CCCCCCCCCCCCC,6.1
CCCN,7.08333333333333
CCCCCCCCCCCCCC,6.1
C=CCCCCCCCCCCCCCC,8050.0
CCOC(C)(C)C,5.88
CCCCC(=O)Cl,2.07
CCO,4730.89230769231
O=CO,7.85
CC(=O)O,16000.0
C1CN(CCOCCN2CCOCC2)CCO1,0.21
C1COCO1,68.4
OCCC(F)(F)C(F)(F)C(F)(F)C(F)(F)C(F)(F)C(F)(F)F,5.2
C=CCN,177.0
C=C(C)[C@@H]1CC=C(C)C(=O)C1,5.66
O=C([O-])C(Cl)(Cl)Cl,20.0
CC[NH2+]CC,5700.0
C1=CCC(C2OCC3(CO2)COC(C2CC=CCC2)OC3)CC1,7.37
CC1C2CC(CC2C2CCC(O)CC2)C1(C)C,5.27
COc1cc(C=O)cc([N+](=O)[O-])c1O,0.0417
CCCCCCCCCCO,0.237
CCC(C)C(=O)OC(C)C,5.967
CC(C)O,10000.0
C#CC1CC1,22.3
CCC#N,3.3
CN(C)C=O,5.85
CO[Si](OC)(OC)OC,63.0
CCCCCCCCCCCCOC(=O)c1ccccc1,200.0
CO[Si](OC)(c1ccccc1)c1ccccc1,0.42
CCCCC,27.9333333333333
CC1CCCC(C)C1N,3.6
C=CCCCCCCC,8050.0
C=C/C=C/CC/C=C/CC,133.632952380952
CC(C)CCCCCO,0.024
CC(C)CCCCCCO,21.7
C=CC#N,943.333333333333
CC(C)CCCCCCCO,95.3
CC(C)CCCCCCCCCCO,12.2
CC(C)CCCCCCCO,95.3
CCCCCCCC(C)C,4.9744347826087
CCCCCCCCCCC(C)C,4.951
CC(=O)[CH-]C(C)=O,1224.0
CCCCCCCOP(=S)([S-])OCCCCCCC,5.0
CCOC(=O)[C@H](C)O,5.4
CCCCCCCCC(C)C#N,5.3
CCN(C(C)C)C(C)C,2.63
C=CCO,92.0566666666667
c1ccccc1,6871.8835
CN(C)c1ccc(C=CC2=[N+](C)c3ccccc3C2(C)C)cc1,14.78
CC(O)C(N)C(=O)O,5.15
CCCCCCCCCC(C)(C)SSc1n[nH]c(=S)s1,0.62
CCl,6.3
ClCBr,38.6
CC#N,3587.0
C#CCO,2.0
CC=O,6662.02
CCS,11.23
NC=O,21.0
S=C=S,10.35
CSC,40250.0
C1CO1,660.0
CC(C)Br,9923.0
CC(C)Cl,6.54
CC(C)N,793.366666666667
C=C(Cl)Cl,86.8883333333333
O=CCCl,0.65
O=C(Cl)Cl,0.149166666666667
CN(C)C,1754.3
C[Si](Cl)Cl,1785.0
CC1CO1,842.6992
CC(C)(C)S,26643.0
C[Si](C)(C)C,21.3
C[Si](C)(C)Cl,4257.0
C[Si](C)(Cl)Cl,2092.0
C[Si](Cl)(Cl)Cl,1365.0
CCC(C)(C)C,73860.0
COC=O,5.2
CCC(C)(C)O,3000.0
OCC(F)(F)F,784.0
C=C[Si](Cl)(Cl)Cl,1121.0
CCOCCC(=O)OCC,998.0
FB(F)F,1.21
CCN1CCCCC1,2.42333333333333
[O-]Cl,10.5
C=C[Si](C)(C)N[Si](C)(C)C=C,1516.0
ClC1=C(Cl)C(Cl)(Cl)C(Cl)=C1Cl,1.2895
C1=CC2C3C=CC(C3)C2C1,212.907666666667
Cl[Si](Cl)(Cl)Cl,1312.0
C[Si](C)(C)O[Si](C)(C)C,15956.0
O=S(Cl)Cl,4.9253
C[C](C)C,2102.0855
C[Si](Cl)(Cl)CCCCl,1257.0
CC(C)CO,18.18
CC(C)C=O,23.6
C=C(C)C=O,0.553333333333333
CCC(C)Cl,6.76
CC(=O)CCl,1.9
C[Si](C)(C)O[Si](C)(C)O[Si](C)(C)C,22.6
CCC(=O)Cl,0.2
CCC(=O)O,19.7
C=CC(=O)O,5.1
COC(=O)Cl,0.061
CC(C)C(C)C,73860.0
CC(C)C(=O)Cl,0.823333333333333
O=C(Cl)C(=O)Cl,771.65
C=C(C)C(=O)O,7.1
O=CC1CCOC1,4.48
CC(C)(C)OC(=O)CCl,4.738
O=C=NCCCCCCN=C=O,0.124
CC(C)CC(C)OP(=S)([S-])OC(C)C,2.3
O=C1NC(c2ccc(Cl)cc2)=C2C(=O)NC(c3ccc(Cl)cc3)=C12,2250.0
CO[Si](CCCCCC[Si](OC)(OC)OC)(OC)OC,0.042
CC(C)[C@@]12CC[C@@](C)(O1)[C@@H](O)C2,8.535
C=CCCCCCCCC,8050.0
CCC(OCCCOC)OC(C)=O,5.7
O=Cc1ccccc1Cl,1.203
C=CC(=O)[O-],5.1
C/C=C/C,2102.0855
CC(C)CCN,11.2333333333333
CCCCCCCC/C=C\CCCCCCCCOCCO,0.1
c1ccc2ccccc2c1,39.05
CCO[Si](CCCN)(OCC)OCC,10.5
CCOC(C)(C)CC,23.2
CCCN(C)C,4.499
NCCOCCO,0.0087
CCc1ncc(C)[nH]1,0.03
CCCC/C=C/CC/C=C/CCCCCC,8050.0
CCC[Si]([O-])([O-])[O-],22.2
C=CCCCCCCCCCCCCCCCCCCCC,8050.0
CC(C)=CC=O,6.5
C=CCCCCCCCCCCCCCCCCCCCCCCCC,8050.0
COC(=O)C1CCC(C(=O)OC)CC1,2.91
Fc1cccc(C(F)(F)F)n1,2529.5
Nc1ccccc1Cl,4.406
Cc1ccccc1N,862.0
Oc1ccccc1Cl,4.77
Cc1ccc(N)c(C)c1,1.53
Cc1ccc(Cl)cc1Cl,2.669
C=CCOC(=O)C(=C)C,1.47
CCC(C)C=O,50.5
CN(C)CCO,1641.0
ClCC(Cl)CCl,4.8
CC/C(C)=N/O,4.83
C=CC(=O)OC,10.832
COC(=O)CCl,210.0
C=C(C)C(=O)OCC,55.0
CC(C)COC(=O)C(C)C,3.88
CCB(CC)CC,738.0
OCC1CCCO1,751.0
OCc1ccco1,1.33666666666667
CN(C)C1CCCCC1,1.7
CC(=O)CC(C)C,9.9
Cc1cccc([N+](=O)[O-])c1,0.88
CCC(C)(C)OC,5.4
CC(C)N(C)C,4.499
CCO[Si](OCC)OCC,0.5
C[Si](C)(C)N[Si](C)(C)C,1516.0
CC(C)CC(C)O,16.0
CC(C)NC(C)C,5.35
C=C(C)OC(C)=O,22.0
NC1CCCC1,7.7
CC(C)CC(=O)CC(C)C,14.5
Cc1ccccc1,27.9333333333333
Clc1ccccc1,20.4
Cc1ccccn1,9.4
CC(C)C(=O)OOC(C)(C)C,2.53
CN(C)CCCN,4.31
C=CCCC,10000.0
CCCCN,4.2
COCOC,57.0
CCNCC,5700.0
CCCC1CO1,15.5333333333333
CCOC=O,28.95
C1CCSC1,6270.0
CC(=O)OCC(C)C,30.0
CCCCCC(C)=O,16.7
CCCCCC,73860.0
CCCCC=O,14.3
COCCOC,20.0
CCOCCO,7.36
C1CCCCC1,32.88
C1=COCCC1,10.7
Cl/C=C\CCl,707.0
C1OCOCO1,39.2
C1CCNCC1,4.8
C[NH+](C)CCC[NH+](C)C,502.66
CCO[Si](OCC)(OCC)OCC,20.0
CCCCCCN,74.67
C=COCCCC,33.3
CCCCN=C=O,0.059
ClCCOCCCl,250.0
CC(=O)OCCOC(C)=O,0.845
CCCCCCCC(=O)Cl,0.63
C[Si]1(C)N[Si](C)(C)N[Si](C)(C)N1,4.9
CCCCCCCC,24.88
C=CCCCCCC,8050.0
CCCCCCCCC,17.0
CCCCCCCCS,3.1
CCCCNCCCC,218.0
COCCCOCCCOC,792.0
CO[Si](C)(C)OC,4.7
CCCCCCCCC(=O)O,5.3
CCCCCCCCCCCC,6.1
C=CCCCCCCCCCC,8050.0
C=CCOc1nc(OCC=C)nc(OCC=C)n1,0.333
CCCCCCCCCCCO,0.7
C=CCCCCCCCCCCCCCCCC,8050.0
CCCCCCCCCCC,6.1
C=CCCCCCCCCCCCC,8050.0
C=C(C)C,10000.0
C=CC(C)(C)O,21.2
C#CC(C)(C)O,21.3
CC[Si](Cl)(Cl)Cl,1257.0
CO[Si](C)(OC)OC,7605.0
O=C1CCCC1,19.5